area code,population,num_market,num_gyms,num_tube,num_school,num_restuarant,num_bus,cases
E02000001,8706,35,36,11,0,13,65,88
E02000002,7720,1,0,0,2,0,11,41
E02000003,11051,2,0,0,3,0,11,65
E02000004,6586,0,2,0,2,0,3,42
E02000005,10229,3,1,0,3,0,9,57
E02000007,10123,1,1,0,1,0,8,56
E02000008,12635,1,1,0,4,0,12,77
E02000009,11592,1,0,0,3,0,7,73
E02000010,9197,0,0,0,2,0,5,57
E02000011,6983,1,2,1,2,0,9,39
E02000012,11290,0,1,1,3,0,4,61
E02000013,8899,1,1,1,2,1,6,54
E02000014,10016,3,0,1,4,0,11,60
E02000015,8069,0,0,0,1,0,12,52
E02000016,9944,5,2,1,3,7,13,48
E02000017,9331,0,1,0,2,0,4,45
E02000018,9789,1,1,0,1,0,12,58
E02000019,9148,1,1,0,3,0,7,52
E02000020,13015,1,0,0,2,1,17,76
E02000021,8970,1,1,0,4,0,6,51
E02000022,8354,0,0,0,2,0,8,39
E02000023,7985,0,1,0,3,0,9,39
E02000024,10988,5,3,1,7,6,15,78
E02000025,8451,0,2,0,3,1,9,57
E02000026,6629,0,0,0,3,0,7,38
E02000027,9753,1,0,0,2,0,11,67
E02000028,6693,1,0,0,0,0,12,49
E02000029,9382,3,1,0,5,1,9,65
E02000030,9288,0,1,1,6,2,21,61
E02000031,7728,2,1,0,5,13,17,66
E02000032,7883,1,2,0,4,1,7,51
E02000033,8919,1,2,0,1,0,15,56
E02000034,9276,1,0,0,1,0,5,59
E02000035,9003,1,0,1,2,5,7,59
E02000036,11577,1,0,0,4,1,12,80
E02000037,10378,1,1,0,4,0,10,75
E02000038,11532,3,1,0,4,1,14,81
E02000039,7268,3,2,0,2,6,13,56
E02000040,8200,2,1,1,5,0,19,65
E02000041,9971,4,1,1,1,1,13,68
E02000042,12149,4,2,0,7,1,12,80
E02000043,8195,0,0,1,3,0,6,62
E02000044,8874,1,0,0,2,1,7,55
E02000045,10908,1,1,0,2,0,10,70
E02000046,7582,1,1,0,1,3,10,52
E02000047,12398,0,1,1,5,0,10,74
E02000048,10645,2,3,1,3,2,9,78
E02000049,9292,1,1,0,2,0,7,57
E02000050,10905,1,3,0,3,4,16,75
E02000051,9686,0,1,0,3,1,23,74
E02000052,10586,2,0,0,3,2,5,79
E02000053,15643,2,1,1,1,2,11,115
E02000054,7616,1,1,0,3,0,10,52
E02000055,11861,4,3,1,2,6,10,85
E02000056,9357,0,0,1,1,0,25,84
E02000057,8147,1,0,0,2,0,11,66
E02000058,10949,2,1,0,5,4,8,77
E02000059,11658,1,0,0,2,2,7,66
E02000060,12358,2,1,1,1,3,11,90
E02000061,8980,2,1,1,1,3,16,68
E02000062,6826,2,3,0,3,1,15,42
E02000063,7755,0,0,0,2,1,5,49
E02000064,6851,1,0,0,2,1,7,47
E02000065,8992,0,1,0,2,0,9,35
E02000066,10069,0,0,0,3,0,16,47
E02000067,10267,3,1,0,3,0,11,60
E02000068,8162,3,1,0,0,0,11,42
E02000069,6756,0,1,0,3,0,13,43
E02000070,8064,0,0,0,2,0,11,47
E02000071,7658,1,1,0,4,0,6,50
E02000072,12851,1,0,0,1,0,23,73
E02000073,10922,3,0,0,3,0,12,71
E02000074,8527,0,1,0,1,0,6,55
E02000075,8261,2,0,0,2,2,12,52
E02000077,8241,2,0,0,2,0,4,53
E02000078,7913,0,0,0,3,0,9,55
E02000079,8660,6,5,0,2,15,14,64
E02000080,10174,3,1,0,4,2,11,67
E02000081,8037,0,0,0,5,1,15,58
E02000082,9211,2,1,0,3,1,11,62
E02000083,11420,3,4,0,3,1,17,76
E02000084,11027,1,2,0,4,1,19,73
E02000085,8004,2,0,0,2,0,8,49
E02000086,7314,1,1,0,5,0,7,43
E02000087,8059,0,2,0,2,10,15,51
E02000088,7794,1,0,0,2,0,14,53
E02000089,7908,1,0,0,1,2,4,57
E02000090,9542,4,3,0,3,11,16,67
E02000091,9966,1,2,0,2,5,21,69
E02000092,6794,2,1,0,3,2,18,44
E02000093,11147,1,0,0,0,2,11,73
E02000094,9183,3,1,0,1,3,10,64
E02000095,9994,1,2,1,6,0,13,64
E02000096,7475,1,0,0,4,1,5,51
E02000097,9097,1,0,0,2,0,3,53
E02000098,8437,0,1,0,2,0,10,57
E02000099,8941,2,0,1,1,0,6,53
E02000100,8813,2,1,2,1,2,10,59
E02000101,9598,3,0,0,3,0,8,59
E02000102,7514,0,0,0,3,0,2,40
E02000103,9217,1,0,0,4,1,15,52
E02000104,7281,0,0,1,3,2,6,48
E02000105,9726,0,1,1,3,0,8,56
E02000106,10652,2,0,1,1,0,12,52
E02000107,11533,4,3,0,2,12,5,69
E02000108,6654,2,0,1,0,0,1,40
E02000109,12893,5,4,0,2,15,12,122
E02000110,8622,0,0,2,1,1,2,55
E02000111,10798,0,0,0,1,12,11,58
E02000112,10492,3,5,2,4,15,9,80
E02000113,9815,1,0,0,3,1,16,50
E02000114,10150,2,0,0,2,2,5,57
E02000115,8811,2,0,1,1,3,7,58
E02000116,9386,1,1,0,3,0,10,47
E02000117,13026,0,0,0,4,0,11,72
E02000118,10342,0,1,0,2,0,7,59
E02000119,9000,1,1,1,3,1,21,66
E02000120,9217,6,1,0,2,16,5,59
E02000121,10763,1,2,1,0,2,11,59
E02000122,7812,0,1,0,5,1,6,57
E02000123,15904,2,2,1,6,8,11,85
E02000124,10126,4,2,1,5,18,12,68
E02000125,10452,0,0,1,1,7,6,70
E02000126,7924,0,2,1,5,4,8,49
E02000127,9451,2,1,0,4,3,10,56
E02000128,7804,1,1,0,2,0,13,51
E02000130,8626,2,1,0,4,3,15,63
E02000131,10531,2,1,0,1,2,21,73
E02000132,10185,3,0,0,2,8,21,71
E02000133,10607,1,2,0,4,1,16,75
E02000134,11939,2,0,0,1,17,14,81
E02000135,10537,5,0,0,3,3,10,63
E02000136,5755,2,2,0,2,0,21,38
E02000137,8491,0,0,0,1,1,18,57
E02000138,8572,0,0,0,4,0,12,59
E02000139,7852,2,1,0,1,2,11,59
E02000140,8749,1,1,0,4,0,16,60
E02000141,7439,1,1,0,1,0,9,48
E02000142,8840,2,0,0,3,0,13,66
E02000144,9871,4,6,0,4,10,19,76
E02000145,9173,1,1,0,2,1,12,61
E02000146,9516,1,2,0,1,1,9,76
E02000147,8293,1,2,0,2,0,19,56
E02000148,6740,5,1,0,0,3,13,49
E02000149,8111,1,1,0,2,0,18,51
E02000150,8667,3,0,0,5,3,12,57
E02000151,7655,0,0,0,2,0,9,58
E02000152,7927,0,1,0,4,0,16,56
E02000153,7913,2,0,0,2,1,8,64
E02000154,8509,4,3,0,1,2,11,64
E02000155,6973,0,0,0,2,0,14,49
E02000156,12239,4,1,0,1,2,10,84
E02000157,8262,0,1,0,2,0,15,66
E02000158,7825,1,1,0,2,0,15,53
E02000159,6962,3,1,0,4,1,21,44
E02000160,8038,1,1,0,3,2,17,63
E02000161,8808,1,0,0,2,4,13,69
E02000162,6990,0,1,0,4,1,23,51
E02000163,7764,1,0,0,5,0,21,61
E02000165,6984,1,0,0,1,0,14,50
E02000166,9092,1,2,0,5,6,11,54
E02000167,9437,1,0,0,2,21,9,54
E02000168,9501,2,2,1,3,12,9,58
E02000169,9199,1,1,1,3,11,5,58
E02000170,9690,1,1,0,1,2,11,67
E02000171,9464,0,0,0,2,4,8,54
E02000172,12101,5,2,1,3,6,3,69
E02000173,9893,1,2,0,1,2,11,63
E02000174,10236,0,0,0,2,2,7,64
E02000175,11240,5,2,2,0,16,5,70
E02000176,7654,1,0,1,0,5,4,51
E02000177,10464,1,2,1,3,14,13,62
E02000178,10424,0,0,0,4,2,7,60
E02000179,7577,2,1,0,0,4,8,44
E02000180,9764,1,0,0,1,2,13,56
E02000181,9139,0,0,0,0,4,5,66
E02000182,8675,5,1,1,3,2,4,53
E02000183,8612,3,0,0,2,40,5,52
E02000184,10251,1,0,0,5,8,14,60
E02000185,9954,0,0,0,0,9,7,54
E02000186,8180,7,4,4,1,43,12,46
E02000187,11091,6,3,1,5,43,11,66
E02000188,8883,4,1,1,2,23,5,48
E02000189,7083,1,1,0,0,5,1,47
E02000190,8540,2,1,0,1,23,3,50
E02000191,8703,7,6,1,0,67,6,60
E02000192,8784,5,3,1,2,25,12,49
E02000193,8595,6,8,3,4,141,26,60
E02000194,9410,1,2,0,3,6,16,69
E02000195,9833,0,2,0,6,1,8,60
E02000196,8087,1,0,0,3,0,6,47
E02000197,9593,3,1,0,0,3,4,54
E02000198,8746,1,0,0,2,2,11,48
E02000199,8414,1,0,0,2,0,2,52
E02000200,8847,2,1,0,2,0,9,55
E02000201,9256,2,1,0,2,0,8,48
E02000202,8486,0,0,0,3,0,6,47
E02000203,7937,1,3,0,1,1,7,40
E02000204,9620,3,0,0,2,1,9,50
E02000206,10206,1,1,0,5,1,7,60
E02000207,9156,0,1,0,3,1,11,53
E02000208,10902,2,0,0,4,1,5,64
E02000209,8833,0,1,0,2,0,11,51
E02000210,8512,1,0,0,3,0,6,56
E02000211,8094,2,0,0,2,4,9,51
E02000212,9306,5,1,0,1,10,8,54
E02000213,11127,5,2,0,4,7,14,69
E02000214,6245,3,1,0,0,1,10,41
E02000215,11321,2,1,0,2,3,13,72
E02000216,6941,0,0,0,3,0,6,48
E02000217,12202,3,3,0,4,11,11,76
E02000218,6782,0,0,0,1,1,10,38
E02000219,7535,1,3,0,5,2,14,49
E02000220,12744,6,3,0,4,33,26,98
E02000221,10834,3,6,0,4,2,22,68
E02000222,8323,0,0,0,1,4,13,58
E02000223,8635,1,0,0,5,0,8,51
E02000224,8016,0,1,0,1,8,10,57
E02000225,7609,1,0,0,1,0,13,48
E02000226,7519,3,1,0,1,3,20,57
E02000227,11492,1,0,0,5,1,22,77
E02000228,7770,1,0,0,2,0,18,57
E02000229,6791,1,1,0,3,4,19,42
E02000230,10536,1,1,0,4,9,19,79
E02000231,7628,4,1,0,2,7,20,60
E02000232,6299,1,1,0,1,0,9,46
E02000233,6525,1,0,0,2,2,12,47
E02000234,8753,0,0,0,3,2,23,73
E02000235,7096,0,1,0,2,0,14,56
E02000236,8014,0,0,0,4,3,13,68
E02000237,7685,0,2,0,4,1,22,54
E02000238,9416,1,1,0,3,2,8,68
E02000239,8823,0,0,0,1,1,4,63
E02000240,10153,0,0,0,3,0,12,72
E02000241,6690,2,2,1,0,0,13,47
E02000242,6862,0,0,0,1,0,4,42
E02000243,8467,3,3,1,4,0,10,54
E02000244,7495,1,0,1,3,3,11,47
E02000245,8441,1,1,0,2,1,3,54
E02000246,8678,3,0,0,3,0,10,59
E02000247,10505,1,1,0,2,0,11,72
E02000248,7676,0,1,2,2,1,15,48
E02000249,7475,2,0,0,2,1,13,51
E02000250,6300,1,0,0,1,1,6,55
E02000251,7475,1,0,0,1,0,8,49
E02000252,11431,6,2,1,1,4,30,82
E02000253,9313,1,0,0,1,0,9,64
E02000254,8402,0,0,0,3,0,7,57
E02000255,9285,2,2,0,4,2,13,78
E02000256,8675,1,3,0,0,7,14,71
E02000257,14438,7,1,3,4,29,14,117
E02000258,6971,1,0,0,0,0,9,53
E02000259,6053,0,2,0,4,2,9,50
E02000260,9334,1,1,0,5,5,15,56
E02000261,11833,2,2,0,1,0,13,85
E02000262,8910,2,2,0,2,1,5,63
E02000263,11887,1,1,0,4,2,2,80
E02000264,8433,4,2,2,2,3,9,64
E02000265,10676,4,1,0,0,1,7,82
E02000266,11456,0,1,0,2,0,21,85
E02000267,7305,1,1,0,2,3,5,63
E02000268,8944,1,1,0,1,6,5,74
E02000269,8021,3,0,1,0,18,3,70
E02000270,7778,1,0,0,6,1,14,70
E02000271,6895,0,1,0,1,1,3,54
E02000272,6470,1,1,2,3,2,4,54
E02000274,14155,1,2,0,5,4,4,96
E02000275,7472,0,0,0,5,2,7,52
E02000276,6532,0,0,0,3,4,6,58
E02000277,7652,1,1,0,1,0,4,42
E02000278,9837,1,0,0,2,6,5,50
E02000279,13053,1,1,0,4,1,9,64
E02000280,8532,4,0,0,6,3,19,58
E02000281,9311,0,0,0,4,1,11,59
E02000282,10054,1,2,0,4,4,10,41
E02000283,8840,1,0,0,1,0,6,42
E02000284,8654,0,2,0,5,12,16,57
E02000285,6435,0,2,0,1,1,12,46
E02000286,8517,2,1,0,0,1,12,56
E02000287,7156,3,1,1,2,12,18,45
E02000288,11338,5,6,0,8,14,20,51
E02000289,6597,0,0,0,2,0,6,43
E02000290,6949,1,1,0,1,1,11,31
E02000291,10253,5,0,0,1,3,20,59
E02000292,9832,1,3,0,3,4,13,54
E02000293,6472,2,2,0,0,3,7,43
E02000294,9425,2,1,0,2,3,6,46
E02000295,9043,2,1,0,3,0,12,58
E02000296,10450,3,1,2,2,6,17,69
E02000297,9620,0,1,0,3,0,11,62
E02000298,8063,3,0,0,1,0,5,56
E02000299,10052,0,1,0,4,9,7,43
E02000300,9036,0,0,0,1,3,2,37
E02000301,11026,1,0,0,0,0,10,43
E02000302,8608,0,1,0,3,0,4,54
E02000303,9154,1,2,0,4,2,8,37
E02000304,8211,0,0,0,3,0,5,51
E02000305,8943,2,1,0,3,0,9,59
E02000306,9208,2,1,0,2,4,7,36
E02000307,10153,0,1,0,1,7,2,48
E02000308,8397,2,1,1,2,0,12,56
E02000309,12354,2,0,0,2,0,12,57
E02000311,10819,0,0,0,4,0,13,52
E02000312,11607,2,1,0,0,0,12,70
E02000313,7539,0,0,0,3,0,4,31
E02000314,16097,4,1,0,6,0,27,80
E02000315,9699,3,1,0,2,0,15,48
E02000316,14525,7,3,0,2,4,19,94
E02000317,8590,0,0,0,3,0,11,41
E02000318,10486,2,1,0,5,0,12,55
E02000319,11881,0,1,0,3,0,16,55
E02000320,7308,1,0,0,2,0,10,38
E02000321,7719,0,1,0,2,1,7,38
E02000323,11327,2,0,0,3,0,11,70
E02000324,7997,1,1,0,4,0,5,46
E02000326,7454,0,1,0,3,0,9,54
E02000327,7147,0,2,0,4,0,19,42
E02000328,6844,0,0,0,2,0,9,52
E02000329,6314,0,0,0,2,0,4,39
E02000331,8237,2,2,0,0,0,7,55
E02000332,7730,0,0,0,2,0,11,44
E02000333,6551,1,2,0,1,0,15,43
E02000334,6613,0,2,0,2,0,12,43
E02000335,6872,0,0,0,1,0,11,46
E02000337,8327,4,0,0,3,1,11,54
E02000339,6320,3,1,0,3,4,16,43
E02000340,6521,3,1,0,3,2,13,45
E02000341,8176,1,1,0,4,0,12,49
E02000342,6214,0,2,0,1,0,6,44
E02000343,6905,0,1,0,2,1,5,46
E02000344,6553,0,0,0,0,2,10,43
E02000345,9694,2,1,0,7,1,4,44
E02000346,7857,1,1,0,2,1,12,56
E02000347,8837,0,0,0,1,0,3,43
E02000348,9047,1,0,0,1,0,6,41
E02000350,10029,0,0,0,4,0,3,59
E02000351,9676,0,0,0,1,2,5,74
E02000352,7290,0,0,0,2,2,6,42
E02000353,8196,3,0,0,1,20,8,53
E02000354,10710,1,1,0,6,6,9,57
E02000355,9283,0,0,0,3,3,11,54
E02000356,7441,0,1,0,4,0,6,54
E02000357,6664,0,0,0,2,0,7,31
E02000358,11894,3,1,0,3,10,5,75
E02000359,6750,0,0,0,1,2,3,46
E02000360,12074,3,1,0,3,0,7,67
E02000361,8966,4,2,0,2,6,10,54
E02000362,7434,0,1,0,1,9,11,43
E02000363,12071,2,1,0,5,2,8,66
E02000364,10317,1,1,0,1,5,6,60
E02000365,15445,3,2,0,6,17,15,97
E02000366,9293,0,0,0,5,6,8,51
E02000367,11594,3,1,0,1,15,10,75
E02000368,10632,2,0,0,3,7,8,57
E02000369,14403,2,1,0,6,6,8,86
E02000370,9966,1,0,0,2,4,8,64
E02000371,16174,6,4,0,3,86,29,100
E02000372,9878,2,2,2,3,3,18,79
E02000373,6740,1,2,0,4,1,2,38
E02000374,6814,1,0,0,2,7,5,48
E02000375,6998,5,1,0,1,26,13,50
E02000376,6907,3,0,3,1,27,3,47
E02000377,8243,3,1,0,4,4,4,54
E02000378,6531,1,2,0,2,5,1,50
E02000379,7850,1,0,0,2,0,7,58
E02000380,5847,0,1,0,2,1,2,42
E02000381,7967,1,3,1,2,8,2,56
E02000382,5917,2,1,1,4,4,8,47
E02000383,8952,3,1,1,3,9,6,67
E02000384,7345,6,4,2,3,12,17,60
E02000385,6024,2,1,1,0,3,2,40
E02000386,8100,2,3,0,2,9,4,53
E02000387,6020,1,4,0,3,1,4,45
E02000388,8697,4,2,1,2,12,2,59
E02000389,8405,4,0,0,3,3,3,64
E02000390,6386,2,0,0,2,0,3,42
E02000391,7986,2,1,0,0,14,12,50
E02000392,9508,4,0,1,3,15,5,58
E02000393,5897,3,1,0,2,2,1,38
E02000394,9177,2,2,0,1,2,7,62
E02000395,6180,0,1,1,2,5,8,40
E02000396,7057,0,2,0,1,5,7,46
E02000397,8579,1,0,0,1,2,2,48
E02000398,7892,0,0,0,1,0,4,28
E02000400,8161,1,0,1,3,1,11,50
E02000401,6721,1,0,0,1,1,8,35
E02000402,6775,0,0,0,3,0,11,30
E02000403,8207,2,4,1,5,3,6,47
E02000404,7868,2,0,0,1,0,9,37
E02000405,6496,0,2,0,3,2,14,51
E02000406,7222,0,0,0,1,0,2,38
E02000407,7687,3,1,0,2,1,5,38
E02000408,8457,0,0,0,1,0,6,40
E02000409,6414,0,1,0,2,0,6,31
E02000410,6708,2,1,0,4,8,1,52
E02000411,10690,1,1,1,2,0,11,54
E02000412,7843,4,2,1,1,5,10,41
E02000413,7631,0,1,0,3,4,7,65
E02000414,7133,0,0,0,0,1,4,41
E02000415,7234,2,0,0,3,1,7,47
E02000416,8024,2,1,0,4,6,4,55
E02000417,6573,2,1,0,2,5,9,52
E02000418,5427,0,0,0,0,2,4,46
E02000419,8956,2,1,0,3,11,5,56
E02000420,8243,2,1,1,0,0,8,45
E02000421,8273,2,3,0,5,1,7,45
E02000422,8461,0,0,0,3,0,7,41
E02000423,7434,1,0,0,5,0,4,45
E02000424,6881,1,2,0,4,2,4,51
E02000425,7867,0,0,0,2,1,3,39
E02000426,6156,0,1,1,2,5,16,48
E02000427,6971,1,2,1,0,9,4,50
E02000428,8197,0,0,0,2,0,4,44
E02000429,7056,4,2,0,1,3,7,50
E02000430,7221,0,1,0,3,15,10,53
E02000431,6223,2,1,0,2,9,6,49
E02000432,6340,0,0,0,1,1,1,45
E02000433,8262,3,1,1,2,4,16,60
E02000434,9619,2,1,1,1,3,7,72
E02000435,7839,0,1,0,1,0,4,53
E02000436,5567,0,0,0,2,8,5,41
E02000437,8564,2,0,0,1,1,8,62
E02000438,7852,2,1,0,3,10,14,64
E02000439,9069,2,1,0,1,0,6,58
E02000440,9561,1,0,0,2,0,6,71
E02000441,7122,1,0,0,1,1,10,52
E02000442,9098,1,2,1,4,1,5,56
E02000443,10261,2,1,0,3,2,1,66
E02000444,8869,1,0,0,3,1,8,54
E02000445,11116,1,1,1,2,4,11,74
E02000447,7161,0,0,0,0,0,9,57
E02000448,7026,3,1,1,1,5,5,53
E02000449,8300,2,0,0,2,1,2,52
E02000451,6653,1,1,1,4,0,9,53
E02000452,8582,1,4,0,2,12,3,70
E02000453,8213,2,0,0,0,0,4,59
E02000454,7090,0,0,0,4,1,6,55
E02000455,9511,4,3,2,2,11,13,90
E02000456,7285,1,0,1,1,0,7,57
E02000457,6616,2,0,1,2,3,5,55
E02000459,9232,2,1,1,2,2,8,66
E02000460,6797,1,0,0,1,0,6,51
E02000461,7480,0,3,1,3,7,14,43
E02000462,6803,4,0,0,0,9,4,49
E02000463,8342,0,0,0,2,3,3,56
E02000464,7703,0,0,0,2,0,10,46
E02000465,9346,0,2,0,4,0,14,61
E02000466,8900,1,0,0,2,0,18,58
E02000467,11227,4,1,0,1,0,10,70
E02000468,8334,3,0,0,2,0,17,54
E02000469,7297,1,0,0,3,0,9,46
E02000470,9123,1,1,0,1,1,21,64
E02000471,7570,0,0,0,3,0,7,48
E02000472,9203,0,0,0,4,0,14,61
E02000473,10391,2,2,0,7,0,10,66
E02000474,9145,3,0,0,4,0,13,60
E02000475,9917,1,1,0,2,0,13,60
E02000476,10228,10,4,0,0,16,22,66
E02000477,9552,1,0,0,4,0,13,63
E02000478,5846,0,1,0,1,0,7,33
E02000479,9445,1,0,0,3,0,8,61
E02000480,12713,2,1,0,3,1,20,84
E02000481,8041,0,0,0,1,0,14,55
E02000482,6505,1,1,1,3,2,19,46
E02000483,7976,3,1,0,2,4,11,51
E02000484,8347,1,2,0,2,0,7,58
E02000485,8627,5,3,1,5,11,14,58
E02000486,7545,1,1,1,2,0,4,52
E02000487,7745,0,2,0,2,3,5,56
E02000488,7281,1,1,0,4,0,7,51
E02000489,8614,3,0,1,1,0,11,62
E02000490,8015,1,0,0,6,0,7,55
E02000491,9838,1,1,0,2,0,21,64
E02000492,6504,0,1,0,1,0,9,37
E02000493,6832,1,0,0,3,0,11,39
E02000494,7696,0,1,0,3,3,9,58
E02000495,10417,2,3,2,3,1,17,72
E02000496,7577,1,1,0,3,2,20,60
E02000497,9291,1,1,0,4,1,12,69
E02000498,6155,2,0,0,3,4,14,47
E02000499,7642,2,0,0,2,3,8,60
E02000500,8287,6,2,2,2,3,14,64
E02000501,8409,1,0,1,5,3,5,67
E02000502,8561,1,0,2,2,2,6,71
E02000503,9126,0,0,0,1,0,4,69
E02000504,7482,1,0,1,3,0,9,62
E02000506,7893,2,2,1,4,0,12,59
E02000507,8251,0,0,0,1,0,10,65
E02000508,11747,0,4,1,4,1,20,94
E02000509,12194,4,2,0,3,5,9,73
E02000510,9105,3,0,0,4,0,10,68
E02000511,9976,2,0,0,2,0,13,69
E02000512,8830,0,0,0,4,0,8,60
E02000513,10049,1,0,0,3,0,11,55
E02000514,10717,2,0,0,2,0,9,61
E02000515,12105,5,1,0,3,0,13,97
E02000516,9192,0,0,0,1,0,3,50
E02000517,10128,0,1,0,5,0,9,64
E02000518,8884,0,1,0,2,0,12,71
E02000519,9245,1,2,0,5,0,12,60
E02000520,13804,3,2,0,4,0,17,90
E02000521,13146,1,2,0,2,0,9,97
E02000522,9624,1,0,0,3,1,12,72
E02000523,11649,3,0,0,0,0,16,77
E02000524,8116,5,6,3,4,30,34,78
E02000525,10269,1,1,0,2,1,10,70
E02000526,8513,2,2,1,0,0,7,64
E02000528,12382,1,2,0,1,1,23,101
E02000529,8957,2,1,0,3,0,5,57
E02000530,7321,3,1,0,1,0,13,49
E02000531,10478,3,3,0,5,2,15,83
E02000532,9011,0,4,0,4,3,8,64
E02000533,8438,1,1,0,3,5,3,62
E02000534,8045,2,1,0,2,1,23,57
E02000535,9282,1,0,0,4,0,10,63
E02000536,9330,0,1,1,4,0,15,65
E02000537,8974,1,2,2,1,1,9,62
E02000538,9627,1,1,0,2,1,9,65
E02000539,10964,1,1,0,8,1,18,94
E02000540,11017,1,1,0,3,0,9,82
E02000541,9664,1,0,0,2,3,11,71
E02000542,11636,4,2,1,5,0,13,85
E02000543,13649,0,1,0,2,1,20,99
E02000544,8172,0,0,0,0,0,6,59
E02000545,8709,3,0,0,2,0,12,65
E02000546,9727,1,1,0,1,1,11,66
E02000547,9965,2,1,0,1,3,12,74
E02000548,10011,1,0,0,4,0,19,77
E02000549,11536,1,1,0,6,2,18,95
E02000550,11066,4,0,0,2,6,9,86
E02000551,9113,1,1,0,2,0,16,66
E02000552,9142,0,2,0,2,3,9,74
E02000553,7212,1,0,0,1,0,15,54
E02000554,10022,0,1,0,3,1,7,64
E02000555,9917,2,1,0,2,1,9,66
E02000556,11405,4,1,1,4,31,5,81
E02000557,8876,2,2,1,2,17,15,60
E02000558,10194,1,1,0,1,6,6,56
E02000559,10524,1,1,1,4,3,5,74
E02000560,9011,3,1,0,2,6,4,58
E02000561,8559,2,1,0,2,6,4,59
E02000562,8839,0,0,0,1,2,6,56
E02000563,8617,2,1,0,2,3,9,58
E02000564,13803,4,3,1,3,15,6,94
E02000565,9054,2,0,0,1,14,12,54
E02000566,9383,4,3,1,2,19,5,64
E02000567,11528,1,0,0,0,8,10,71
E02000568,12909,4,1,1,1,5,9,85
E02000569,11123,3,0,0,3,14,9,69
E02000570,9957,0,0,0,2,19,8,70
E02000571,9191,3,0,0,2,1,4,59
E02000572,9267,5,2,0,5,8,6,49
E02000573,10399,5,5,1,4,51,7,80
E02000574,9588,3,2,0,4,29,4,66
E02000575,15138,5,4,1,2,71,14,88
E02000576,11838,7,8,1,4,30,9,89
E02000577,6753,1,1,1,6,9,9,41
E02000578,5849,0,2,0,4,0,6,30
E02000579,8145,3,2,2,1,0,6,49
E02000580,8002,2,2,0,0,20,4,47
E02000581,6622,1,2,0,5,2,6,33
E02000582,7267,3,0,1,0,24,7,50
E02000583,6956,1,0,1,1,8,3,41
E02000584,8043,2,5,1,2,23,8,55
E02000585,8024,1,0,0,2,9,9,56
E02000586,7663,0,0,0,0,14,8,55
E02000587,7434,3,1,0,1,10,4,52
E02000588,7856,1,1,1,1,24,6,50
E02000589,8684,2,3,0,0,11,1,57
E02000590,6861,1,3,1,3,28,8,37
E02000591,6823,2,0,1,1,9,3,51
E02000592,6907,3,2,1,1,31,11,51
E02000593,8088,1,0,1,2,11,5,45
E02000594,7780,1,0,0,1,9,10,39
E02000595,7507,2,1,0,2,13,12,38
E02000596,7700,5,3,0,3,11,7,48
E02000597,7233,1,1,0,2,1,7,38
E02000598,8196,0,2,0,4,0,12,64
E02000599,8452,0,1,0,3,0,17,49
E02000600,9553,1,0,0,1,2,6,72
E02000601,13059,3,1,0,4,2,9,102
E02000602,11592,1,1,0,3,3,14,78
E02000603,8817,2,1,0,2,1,13,69
E02000604,9329,3,2,0,2,12,5,84
E02000605,8338,0,1,0,3,0,6,72
E02000606,11179,5,6,0,3,8,35,81
E02000607,8004,0,1,0,0,0,10,59
E02000608,7572,4,1,0,3,9,11,53
E02000609,7692,2,2,0,2,4,11,59
E02000610,8091,1,0,0,3,0,8,66
E02000611,7360,1,0,0,3,0,7,65
E02000612,8182,1,2,0,3,0,5,64
E02000613,8328,3,0,0,3,0,6,71
E02000614,9075,2,1,0,1,0,10,74
E02000615,7718,3,1,0,3,1,8,61
E02000616,6003,0,0,0,1,0,4,52
E02000617,8930,2,3,0,2,1,18,67
E02000619,9094,1,2,1,3,5,6,57
E02000620,10516,2,1,0,2,14,13,71
E02000621,11724,5,4,1,6,7,10,97
E02000622,8969,0,1,1,2,9,8,58
E02000623,8115,1,0,0,3,3,3,48
E02000624,8913,2,1,0,3,2,3,60
E02000625,8385,4,1,1,2,4,5,54
E02000626,8437,1,2,0,1,0,6,44
E02000627,9997,0,0,0,1,3,6,62
E02000628,9764,2,2,0,2,34,8,62
E02000629,9265,2,2,1,0,13,9,62
E02000630,8063,4,1,1,2,16,12,51
E02000631,9431,2,1,0,1,1,9,68
E02000632,9380,2,0,0,1,2,4,68
E02000633,9169,3,0,1,3,11,17,51
E02000634,6880,1,0,0,4,8,8,40
E02000635,9228,2,2,0,3,10,15,65
E02000636,8228,2,1,0,4,7,6,56
E02000637,9045,3,0,0,4,2,1,62
E02000638,10838,2,0,0,4,3,5,69
E02000639,8255,2,1,0,2,0,7,51
E02000640,9853,0,0,0,5,0,9,67
E02000641,8745,0,0,0,3,0,3,52
E02000642,9856,2,0,0,2,4,12,65
E02000643,9561,4,0,0,0,0,8,64
E02000644,9058,5,1,0,2,5,6,60
E02000645,9773,0,1,0,2,3,11,72
E02000646,10411,4,3,0,1,5,7,66
E02000647,9293,0,0,0,2,0,11,62
E02000648,8397,1,1,0,5,1,8,51
E02000649,13570,3,2,0,2,0,13,77
E02000650,7795,3,0,0,1,16,8,54
E02000651,9114,2,0,0,1,1,10,59
E02000652,7808,1,0,0,2,0,2,43
E02000653,11373,0,0,0,1,1,8,85
E02000654,8664,0,0,0,4,4,5,53
E02000655,9350,2,0,1,2,9,5,52
E02000657,9764,2,0,0,4,4,10,61
E02000658,8874,0,0,0,4,0,7,56
E02000659,7987,0,2,0,2,2,12,58
E02000660,8528,0,0,1,2,3,8,57
E02000661,6811,1,0,0,3,18,12,43
E02000662,8814,2,0,0,4,6,8,54
E02000663,7406,2,1,0,0,0,9,49
E02000664,14317,7,3,1,3,5,16,95
E02000665,8734,3,0,0,1,0,10,54
E02000666,7365,1,0,0,2,0,13,57
E02000667,7012,2,1,0,2,1,4,51
E02000668,7489,1,0,0,3,4,5,49
E02000669,8180,2,1,0,1,1,5,50
E02000670,6645,1,0,0,0,0,6,33
E02000671,8738,0,0,0,4,3,6,65
E02000672,9963,5,3,0,1,2,13,62
E02000673,8697,4,1,0,3,5,11,61
E02000674,8666,0,0,0,2,0,10,56
E02000675,8976,1,2,0,2,1,16,59
E02000676,8309,0,0,0,2,0,5,59
E02000677,7508,0,2,0,5,1,4,45
E02000678,6851,0,0,0,0,0,6,35
E02000679,8360,1,1,0,4,0,4,54
E02000680,7689,1,2,0,4,6,11,44
E02000681,8738,1,1,0,2,0,10,48
E02000682,9001,2,0,0,3,0,12,46
E02000683,6486,0,0,0,1,0,8,39
E02000685,8443,2,2,0,1,5,7,54
E02000686,7445,2,2,0,3,0,9,40
E02000687,8454,1,0,0,1,4,7,52
E02000689,8316,4,1,1,1,3,5,76
E02000690,5565,1,2,0,2,9,10,41
E02000691,7502,5,1,0,1,23,9,61
E02000692,7828,3,5,1,1,16,12,66
E02000693,9384,1,2,1,2,5,4,76
E02000694,9134,3,1,0,2,1,3,74
E02000695,8388,2,0,0,2,0,2,58
E02000696,7994,2,0,0,0,0,6,59
E02000697,8910,4,1,1,3,12,16,73
E02000698,7994,2,1,0,3,1,7,68
E02000699,8290,3,0,0,2,1,7,73
E02000700,8459,0,0,0,3,6,4,55
E02000701,8447,0,1,0,2,0,11,63
E02000702,8714,1,1,0,2,1,9,60
E02000703,7974,2,0,1,3,1,14,67
E02000704,8303,1,1,0,3,5,18,68
E02000705,8492,0,0,0,3,0,11,56
E02000706,9385,5,0,0,3,3,7,61
E02000707,7454,1,0,0,3,0,11,47
E02000708,8477,1,0,0,2,6,7,75
E02000709,7682,1,1,0,1,0,14,67
E02000710,8542,0,2,0,2,2,21,59
E02000711,8866,3,0,0,3,3,14,63
E02000712,8655,0,0,0,4,0,14,65
E02000713,7431,2,0,0,3,0,10,59
E02000714,8270,1,0,0,5,2,3,43
E02000715,7782,0,0,0,3,0,3,28
E02000716,7864,2,1,0,0,0,6,38
E02000717,8644,0,0,0,4,0,4,39
E02000718,7563,0,1,0,1,0,2,37
E02000719,8747,0,0,0,1,0,4,42
E02000720,7908,0,0,0,2,0,4,38
E02000721,9901,2,0,0,1,1,8,47
E02000722,8616,2,1,0,1,0,6,46
E02000723,11245,1,0,1,3,1,11,52
E02000724,10001,0,0,0,1,0,2,48
E02000725,10241,2,1,0,5,15,7,59
E02000726,24969,7,4,3,5,48,21,193
E02000727,8607,1,0,0,3,0,9,38
E02000728,8170,0,0,0,1,0,0,43
E02000729,7406,0,0,0,2,1,5,35
E02000730,9119,2,0,1,4,3,5,41
E02000731,10995,3,2,0,2,1,9,48
E02000732,8027,0,0,0,2,0,0,42
E02000733,10366,0,0,0,4,1,4,52
E02000734,7674,0,0,1,1,0,1,41
E02000735,8598,0,2,0,4,3,6,39
E02000736,9147,1,1,0,2,3,17,47
E02000737,10208,2,1,0,3,0,4,50
E02000738,9116,1,0,0,2,0,4,49
E02000739,7736,1,0,0,1,0,6,39
E02000740,7117,0,0,0,4,0,9,36
E02000741,8956,0,1,0,4,0,11,45
E02000742,8822,0,1,0,2,0,7,44
E02000743,10200,4,3,0,1,7,13,54
E02000744,9495,0,1,0,3,0,7,49
E02000745,8411,0,0,0,1,0,5,46
E02000746,8539,3,2,2,1,3,21,54
E02000747,13422,1,2,2,3,6,14,81
E02000748,6552,1,1,3,4,2,12,39
E02000749,8771,0,1,1,6,1,13,51
E02000750,14800,1,0,0,2,1,20,116
E02000751,10675,2,1,1,3,1,12,73
E02000752,7624,0,0,0,3,0,20,60
E02000753,6590,1,0,0,1,0,7,43
E02000754,6715,0,0,0,1,0,8,42
E02000755,5577,1,1,0,1,0,7,36
E02000756,13705,2,3,2,4,1,13,92
E02000757,12736,5,1,1,2,21,8,85
E02000758,6232,0,1,0,3,0,4,38
E02000759,13347,0,2,0,4,1,17,86
E02000760,7133,2,2,0,3,4,7,46
E02000762,6626,0,0,1,1,1,4,40
E02000763,7592,1,1,1,2,1,11,43
E02000764,12449,3,0,2,3,9,10,88
E02000765,6860,1,0,0,2,0,5,46
E02000767,8362,4,0,1,1,3,11,52
E02000768,5813,0,1,0,1,0,6,44
E02000769,15826,2,1,0,4,0,8,99
E02000770,8075,0,1,0,4,0,4,46
E02000772,8941,1,2,0,3,0,9,48
E02000773,10080,0,0,0,1,1,9,56
E02000774,7581,1,0,0,0,0,0,39
E02000776,7061,1,0,0,2,0,6,41
E02000777,6104,0,1,0,1,0,15,43
E02000779,8920,5,3,0,0,0,5,49
E02000780,17392,2,2,0,3,0,13,87
E02000781,15098,1,0,0,4,0,11,81
E02000782,10596,2,1,0,1,0,5,62
E02000783,7770,0,0,0,2,0,4,40
E02000784,10056,2,1,0,2,9,13,70
E02000785,9906,2,1,1,3,23,11,74
E02000786,11482,3,3,0,4,3,11,83
E02000787,11970,2,0,0,3,0,16,93
E02000788,9114,2,2,0,2,20,9,75
E02000789,6530,0,0,0,2,2,9,47
E02000790,6652,1,0,0,2,1,4,56
E02000791,7076,7,2,1,2,38,10,52
E02000792,7233,1,0,0,1,2,5,60
E02000793,8294,4,1,0,3,4,10,59
E02000794,6989,0,4,0,2,2,9,57
E02000795,7147,3,2,0,2,2,10,61
E02000796,10832,0,1,0,4,0,9,78
E02000797,7825,4,3,0,3,29,7,70
E02000798,11150,0,2,0,3,4,13,95
E02000799,6406,1,1,0,3,2,13,44
E02000800,5445,1,0,0,2,0,6,43
E02000801,7264,1,0,0,2,1,10,60
E02000802,6936,3,1,0,1,8,9,61
E02000803,9470,2,1,0,3,1,15,77
E02000804,7310,2,1,0,1,6,8,64
E02000805,11510,0,1,0,5,11,6,92
E02000806,10307,1,2,0,3,4,21,84
E02000807,9436,0,2,0,5,1,8,69
E02000808,11200,10,9,2,3,63,19,88
E02000809,14056,5,5,0,1,39,15,102
E02000810,13415,4,3,1,5,2,10,75
E02000812,10660,4,0,0,6,10,5,77
E02000813,10720,3,1,3,2,6,15,73
E02000814,9865,1,1,0,0,2,12,80
E02000815,6990,3,0,0,0,1,6,55
E02000816,10463,2,2,0,2,5,12,57
E02000817,7272,0,1,0,4,0,6,41
E02000818,8297,3,1,0,6,3,14,66
E02000819,8875,1,0,0,1,0,7,45
E02000820,10334,1,0,0,2,2,4,63
E02000821,8277,1,0,0,3,0,5,41
E02000822,7193,0,0,0,3,0,0,35
E02000823,8918,3,1,0,1,12,10,50
E02000824,9841,1,0,0,3,5,8,48
E02000825,9526,0,1,0,7,0,1,51
E02000826,9222,2,1,0,3,1,3,57
E02000827,10991,4,4,0,6,26,9,64
E02000828,8617,2,2,0,2,8,10,46
E02000829,11704,2,1,0,2,1,9,66
E02000830,9413,0,0,0,2,5,5,68
E02000831,10019,5,0,0,2,18,9,66
E02000832,10797,0,0,0,3,4,12,55
E02000833,8874,1,2,0,2,2,9,46
E02000834,9974,2,2,0,3,11,9,71
E02000835,7872,1,1,0,2,1,11,51
E02000836,8635,2,1,0,2,17,8,61
E02000837,9610,0,1,0,4,3,18,73
E02000838,9688,0,0,0,2,0,17,71
E02000839,8460,0,1,0,3,2,17,59
E02000840,8618,0,0,0,0,0,11,65
E02000841,9292,2,1,0,1,0,17,68
E02000842,7937,1,1,0,1,0,14,64
E02000843,8264,1,1,0,4,1,12,75
E02000844,8373,1,1,0,4,3,10,65
E02000845,9928,3,0,0,2,3,2,72
E02000846,7433,1,3,0,2,2,9,56
E02000847,9455,1,0,0,2,1,5,66
E02000848,8042,1,1,0,1,2,7,65
E02000849,7960,0,2,0,3,3,7,67
E02000850,10903,1,0,0,2,1,21,75
E02000851,9927,7,2,0,3,16,20,82
E02000852,7996,0,0,0,0,1,11,65
E02000853,8115,0,0,0,3,0,4,64
E02000854,7563,3,1,0,5,4,11,63
E02000855,8014,3,3,0,3,12,7,64
E02000856,9186,4,0,0,1,8,10,70
E02000857,8712,1,2,0,1,4,10,71
E02000858,8479,1,3,0,5,2,12,59
E02000859,8700,3,3,0,3,0,6,68
E02000860,8519,0,0,0,1,0,6,61
E02000861,7795,1,0,0,1,4,10,60
E02000863,6847,0,3,0,2,0,8,48
E02000864,10304,2,1,0,2,2,10,77
E02000865,8402,0,1,0,4,7,6,46
E02000866,10844,1,3,1,3,10,13,65
E02000867,12692,2,0,2,1,0,6,87
E02000868,7373,4,3,1,3,7,4,48
E02000869,6589,0,0,0,3,4,0,39
E02000870,6924,1,2,0,4,3,6,42
E02000871,11424,2,0,2,4,0,10,66
E02000872,9069,3,1,0,3,17,1,53
E02000873,10790,1,0,0,4,4,7,60
E02000874,8035,2,1,1,3,2,3,45
E02000875,13597,1,1,0,3,0,3,80
E02000876,8136,4,5,1,3,7,5,45
E02000877,12914,0,1,0,3,4,16,82
E02000878,11738,6,2,1,4,99,11,78
E02000879,9258,1,1,0,5,2,6,54
E02000880,6576,2,0,0,2,2,6,35
E02000881,9149,0,0,0,2,0,9,65
E02000882,10474,1,2,1,3,5,3,62
E02000883,8967,2,1,1,3,1,9,47
E02000884,13133,2,2,0,5,15,4,95
E02000885,7738,0,0,0,3,0,4,44
E02000886,9165,2,0,1,3,5,3,60
E02000887,11184,0,0,1,4,1,5,67
E02000888,10207,0,1,1,2,3,9,56
E02000889,8485,1,1,0,2,2,5,64
E02000890,6681,2,1,1,2,21,6,47
E02000891,19374,3,1,3,3,6,24,151
E02000893,8106,0,0,1,3,1,5,51
E02000894,11777,0,0,1,4,3,7,81
E02000895,8207,0,1,0,3,0,19,50
E02000896,9091,3,1,0,2,5,13,61
E02000897,8570,1,0,0,4,2,9,53
E02000898,7991,0,2,0,0,2,5,50
E02000899,8692,3,0,0,3,1,6,53
E02000900,8808,3,3,0,1,0,8,50
E02000901,10248,1,1,0,4,6,8,73
E02000902,9725,0,1,0,4,4,9,60
E02000903,9769,2,1,0,4,3,11,62
E02000904,8931,2,1,0,3,0,16,58
E02000905,10284,1,2,0,1,10,6,68
E02000906,9551,0,0,0,2,6,5,62
E02000907,11174,1,0,0,4,4,12,65
E02000908,12541,2,0,1,7,4,13,94
E02000909,9014,1,1,0,2,5,9,68
E02000910,10865,1,0,0,2,6,7,74
E02000911,11728,9,1,1,3,27,18,84
E02000912,9333,2,2,0,5,2,4,60
E02000913,9230,0,2,0,4,0,13,55
E02000914,11337,2,3,0,0,13,10,69
E02000915,9273,1,0,1,0,3,7,53
E02000916,9753,1,1,0,5,1,10,60
E02000917,10416,1,0,0,4,2,3,62
E02000918,9808,2,1,0,4,10,6,62
E02000919,9795,0,0,0,0,0,1,54
E02000920,10327,3,1,1,1,3,12,55
E02000921,11270,1,2,0,2,12,9,65
E02000922,10969,0,0,0,3,2,5,64
E02000923,8075,2,1,0,2,18,6,51
E02000924,13753,2,3,0,4,2,18,115
E02000925,7942,0,1,0,1,1,5,50
E02000926,10912,1,1,0,0,12,9,89
E02000927,7358,2,0,0,2,20,5,47
E02000928,8554,2,2,0,5,11,2,66
E02000929,7544,1,1,0,1,2,5,47
E02000930,10741,3,1,0,2,28,13,71
E02000931,9569,0,0,0,1,0,3,67
E02000932,11501,7,4,0,3,18,18,101
E02000933,9005,2,1,0,1,1,6,69
E02000934,9897,8,2,0,2,11,11,70
E02000935,7136,0,4,0,4,0,2,46
E02000936,9152,2,1,1,2,5,9,70
E02000937,8419,0,1,0,4,21,6,64
E02000938,11134,0,0,0,1,0,12,76
E02000939,8346,1,0,0,1,1,8,61
E02000940,8652,3,3,0,2,10,8,66
E02000941,10383,1,0,0,1,1,8,76
E02000942,9598,3,1,1,4,2,6,77
E02000943,8831,5,2,1,4,16,4,70
E02000944,7207,0,0,0,2,0,8,56
E02000945,8260,2,1,0,2,0,15,50
E02000946,8514,2,0,0,3,6,11,60
E02000947,9036,0,2,0,2,0,4,76
E02000948,9919,0,0,0,0,0,5,80
E02000949,10067,4,4,1,4,10,7,85
E02000950,7535,1,1,0,1,0,10,53
E02000951,6517,3,1,1,1,3,6,49
E02000952,6113,0,0,0,0,0,4,45
E02000953,7851,1,0,0,0,8,3,64
E02000954,6231,1,0,0,1,2,0,43
E02000955,6548,2,0,0,3,1,1,46
E02000956,8151,3,4,1,1,6,12,53
E02000957,11039,3,3,0,3,3,7,78
E02000958,8647,1,1,0,3,0,6,67
E02000959,8337,1,1,0,1,0,7,50
E02000960,8316,1,1,1,2,2,6,46
E02000961,11232,0,1,1,3,5,4,61
E02000962,10306,0,1,0,0,1,7,57
E02000963,11063,0,1,0,3,1,5,56
E02000964,13643,3,0,0,3,10,9,74
E02000965,9421,0,1,0,2,4,3,59
E02000966,11236,2,1,1,2,12,5,63
E02000967,9982,5,5,2,1,29,11,52
E02000968,15914,4,2,2,7,13,8,80
E02000969,10828,0,0,0,6,8,8,55
E02000970,11049,5,3,3,2,96,7,62
E02000971,9646,2,6,1,1,31,12,65
E02000972,10782,9,11,3,2,466,22,76
E02000973,11458,3,2,1,0,30,7,61
E02000974,9792,6,0,0,1,55,6,76
E02000975,10385,2,1,2,1,22,8,69
E02000976,11199,5,0,2,1,38,7,73
E02000977,7368,11,20,6,1,298,29,71
E02000978,11343,4,5,2,1,55,19,50
E02000979,10309,7,7,2,6,51,18,64
E02000980,10664,0,0,0,1,3,7,58
E02000981,10309,4,2,0,3,24,3,54
E02000982,9275,4,2,1,3,20,12,46
E02000983,9804,0,1,1,2,3,6,53
E02006782,7961,2,0,0,2,0,9,54
E02006783,7634,2,2,0,3,0,12,46
E02006784,8161,2,0,0,2,3,12,43
E02006785,6665,2,0,0,1,0,10,43
E02006786,7528,0,0,0,1,0,6,44
E02006787,8114,1,1,0,2,4,8,62
E02006788,7686,2,0,0,3,0,4,46
E02006789,6423,2,1,0,4,6,23,42
E02006791,6857,1,0,2,0,3,4,57
E02006792,8841,5,6,1,1,28,15,68
E02006793,10218,0,0,0,1,1,9,41
E02006794,8603,2,3,0,9,0,7,36
E02006795,8036,1,0,0,1,6,3,56
E02006796,9257,5,2,1,4,3,15,66
E02006798,8104,4,2,2,2,14,5,56
E02006799,11072,1,1,0,3,0,12,66
E02006800,14504,1,2,0,2,0,7,80
E02006801,10987,11,6,3,6,57,27,77
E02006802,8042,5,3,1,5,17,13,70
E02006836,8467,0,0,0,1,2,8,68
E02006853,10570,3,3,0,0,2,1,81
E02006854,8030,6,3,4,1,28,13,62
E02006882,14223,0,1,0,2,6,13,102
E02006918,9308,1,0,0,2,0,6,46
E02006921,8620,1,0,0,0,0,5,35
E02006924,13693,2,0,0,3,0,15,81
E02006925,14181,1,1,1,4,2,12,85
E02006927,10143,1,3,0,5,0,18,78
E02006928,11828,4,2,2,3,15,7,85
E02006929,12126,10,0,1,4,35,21,119
E02006930,8908,2,2,0,2,1,11,80
E02006931,9707,2,1,0,2,6,13,66
