area code,2022/1/2,2022/1/9,2022/1/16,2022/1/23,2022/1/30,2022/2/6,2022/2/13,2022/2/20,2022/2/27,2022/3/6,2022/3/13,2022/3/20,2022/3/27,2022/4/3,2022/4/10,2022/4/17,2022/4/24,2022/5/1
E02000001,168,108,101,90,99,97,94,70,57,89,114,148,114,93,56,33,47,16
E02000002,165,109,72,78,47,45,26,23,9,18,28,26,43,25,18,5,6,7
E02000003,249,186,124,101,82,72,53,20,26,27,46,44,52,39,23,24,6,7
E02000004,154,132,84,56,49,34,24,18,9,17,28,42,36,37,15,17,11,3
E02000005,232,194,85,78,95,55,34,23,15,30,21,37,57,32,22,9,8,8
E02000007,272,181,78,76,72,47,29,21,16,32,35,30,54,37,15,5,9,4
E02000008,331,235,118,112,119,66,34,38,25,35,44,55,61,48,26,19,17,8
E02000009,308,237,132,116,99,75,45,20,19,22,35,60,55,40,17,13,20,10
E02000010,231,170,103,98,59,53,31,29,17,27,35,41,52,42,24,8,10,12
E02000011,203,138,50,43,41,29,28,10,9,18,16,27,33,32,20,4,9,5
E02000012,254,224,101,78,96,60,45,21,16,14,30,38,46,39,15,14,14,9
E02000013,188,177,103,93,80,56,39,23,17,15,33,39,41,35,22,8,5,3
E02000014,259,185,85,75,77,61,50,24,25,20,47,46,33,42,22,19,11,8
E02000015,245,146,79,56,93,47,35,18,12,24,34,43,36,29,26,10,9,6
E02000016,192,156,80,75,71,51,34,21,14,14,25,25,28,42,20,13,5,5
E02000017,180,165,85,73,70,51,33,19,12,14,16,28,25,24,10,6,3,3
E02000018,230,194,89,86,79,47,46,16,21,30,37,56,47,38,10,8,11,5
E02000019,209,160,66,79,57,49,37,22,15,30,35,44,59,40,22,9,7,9
E02000020,358,265,130,102,107,71,41,26,19,17,30,35,52,44,28,23,13,13
E02000021,260,132,70,80,55,51,30,17,20,28,34,38,35,24,13,14,18,4
E02000022,168,135,50,57,60,48,21,17,23,14,18,25,23,19,13,11,6,3
E02000023,159,137,63,54,46,29,28,23,24,23,21,28,24,22,17,6,3,4
E02000024,221,171,104,150,151,78,52,33,27,42,67,82,79,56,47,22,20,18
E02000025,144,126,81,83,95,65,24,37,18,40,72,91,72,45,23,7,8,7
E02000026,142,72,57,60,42,31,27,22,12,39,31,49,40,28,14,11,11,9
E02000027,205,155,96,88,110,83,56,46,26,38,44,59,65,66,38,23,11,10
E02000028,156,106,86,66,68,53,29,28,12,26,61,46,43,37,17,20,10,18
E02000029,204,132,100,73,119,78,52,36,18,35,64,63,67,59,37,14,19,13
E02000030,169,131,89,97,89,67,43,31,30,36,48,74,77,62,30,23,12,4
E02000031,167,135,95,100,91,82,51,45,27,32,59,69,89,52,40,34,17,9
E02000032,174,116,54,83,88,54,31,30,14,35,44,64,53,36,29,11,10,6
E02000033,198,127,68,93,85,57,44,34,15,21,51,67,44,45,25,19,5,10
E02000034,161,143,79,101,106,63,49,30,33,26,45,49,66,59,30,10,11,9
E02000035,160,142,84,111,100,63,49,24,30,29,38,56,66,45,29,17,15,13
E02000036,232,177,137,169,122,89,54,51,42,46,39,75,88,49,31,24,20,3
E02000037,155,181,136,160,148,94,60,41,25,28,39,63,98,62,27,17,15,15
E02000038,235,172,110,118,152,102,69,45,26,33,60,87,74,66,43,35,30,14
E02000039,119,133,89,103,92,70,52,31,18,32,37,59,54,48,31,21,14,6
E02000040,165,153,104,112,93,83,54,41,24,47,49,46,68,60,30,25,19,5
E02000041,194,158,133,146,111,92,42,26,28,25,41,45,63,43,33,30,6,8
E02000042,236,193,115,139,131,106,72,30,34,37,64,80,75,55,28,29,23,9
E02000043,160,114,95,98,107,80,58,29,22,38,74,77,79,44,26,9,9,9
E02000044,195,154,103,103,77,49,25,23,20,36,38,41,41,50,20,13,9,10
E02000045,200,195,114,129,105,93,40,34,32,42,58,40,57,54,29,17,22,10
E02000046,119,110,83,74,84,67,49,31,14,29,54,64,59,40,31,23,8,7
E02000047,244,256,147,135,102,80,44,39,17,29,41,35,54,39,30,17,18,10
E02000048,228,158,115,139,137,81,67,47,33,40,65,66,86,62,35,25,19,15
E02000049,194,172,122,104,66,45,36,28,17,37,32,51,36,36,18,20,5,7
E02000050,188,170,136,149,122,53,65,42,37,46,63,77,88,47,34,20,16,12
E02000051,166,154,115,134,112,67,57,34,31,42,81,81,105,66,44,15,21,10
E02000052,182,149,154,150,115,79,59,40,31,32,66,99,102,80,29,30,16,13
E02000053,326,302,178,221,161,139,78,47,60,60,73,117,96,85,53,37,32,19
E02000054,135,115,74,77,98,73,33,35,24,36,40,48,62,39,26,12,19,4
E02000055,226,223,129,147,147,88,67,53,50,46,43,75,100,68,33,15,22,12
E02000056,162,152,122,159,157,116,75,44,50,63,84,91,80,69,50,23,14,8
E02000057,153,151,151,179,151,73,44,54,18,13,23,40,57,46,17,13,4,12
E02000058,135,121,179,174,129,76,64,38,30,61,94,68,77,66,37,19,14,10
E02000059,235,188,128,111,101,73,40,39,15,27,33,51,50,38,18,16,18,12
E02000060,171,218,287,305,156,90,39,53,39,16,42,39,53,60,16,13,12,11
E02000061,131,122,103,110,102,88,61,63,31,48,72,76,68,57,40,31,18,11
E02000062,139,137,76,80,65,42,20,19,13,19,23,25,40,25,14,10,14,6
E02000063,156,148,97,82,52,43,32,23,19,28,40,31,43,38,23,14,14,5
E02000064,127,102,78,76,68,55,40,25,19,18,52,58,39,38,21,9,16,8
E02000065,158,126,34,49,50,30,21,16,9,13,15,25,29,21,14,4,10,6
E02000066,213,136,57,67,53,49,28,16,12,14,30,39,42,31,28,13,12,6
E02000067,270,161,88,66,55,48,27,24,24,25,48,60,63,54,28,22,9,8
E02000068,163,127,59,56,41,46,27,34,14,17,26,41,39,39,18,13,7,5
E02000069,161,126,53,37,64,32,30,24,12,30,45,42,40,36,24,11,8,9
E02000070,142,97,77,41,60,45,20,27,29,51,52,56,65,41,28,9,8,8
E02000071,170,104,84,78,60,33,19,31,18,34,49,54,54,43,27,21,15,10
E02000072,299,241,112,112,80,60,45,27,24,33,56,54,56,62,35,14,6,12
E02000073,283,170,74,105,90,90,49,31,19,27,54,69,81,60,22,27,20,7
E02000074,191,177,79,85,51,56,34,30,20,34,44,42,55,40,26,16,10,9
E02000075,176,110,67,84,84,61,20,16,8,29,50,63,74,42,26,23,10,6
E02000077,221,144,72,61,68,51,28,27,16,19,52,45,60,43,33,14,8,8
E02000078,175,126,61,79,63,50,38,29,30,47,51,63,70,50,37,13,16,7
E02000079,210,136,84,89,91,61,52,27,29,36,52,80,86,59,35,17,10,6
E02000080,238,189,63,97,81,66,62,49,35,32,56,68,78,40,25,10,14,8
E02000081,183,126,90,78,109,56,37,21,16,27,56,66,61,48,29,21,23,10
E02000082,236,117,95,77,83,62,41,32,27,33,70,69,63,48,45,19,11,3
E02000083,269,195,142,89,93,70,47,29,26,41,61,61,72,75,44,22,19,13
E02000084,238,162,133,96,96,47,45,47,20,42,82,88,83,53,36,23,13,13
E02000085,189,125,54,64,69,51,31,25,13,22,42,53,59,42,23,16,13,6
E02000086,172,102,53,52,57,30,35,10,21,33,41,47,54,27,19,9,19,4
E02000087,171,108,53,64,65,48,28,30,18,26,55,88,63,58,32,15,12,0
E02000088,194,86,60,52,54,57,41,36,34,47,56,81,54,49,26,14,14,9
E02000089,193,129,69,72,84,59,26,34,26,35,51,72,77,33,36,25,13,9
E02000090,242,172,79,80,73,65,41,48,25,32,68,65,83,55,37,16,25,9
E02000091,222,147,102,74,99,66,45,35,32,40,77,73,66,82,45,22,17,11
E02000092,155,106,71,57,63,37,18,16,21,20,32,50,56,42,20,17,7,8
E02000093,217,223,161,158,111,83,55,28,17,29,46,42,43,40,26,15,20,13
E02000094,215,186,126,88,99,58,64,31,28,35,29,34,56,44,22,13,12,16
E02000095,224,201,109,121,108,53,36,26,27,23,41,39,49,33,26,16,18,6
E02000096,155,140,102,68,81,68,24,20,19,22,32,68,49,38,13,15,11,9
E02000097,193,160,61,91,90,52,56,28,19,19,28,41,47,17,20,13,10,11
E02000098,204,169,90,92,89,65,32,27,19,22,33,37,41,53,24,24,7,14
E02000099,171,162,102,91,64,61,33,35,24,21,33,30,44,37,15,15,20,6
E02000100,168,154,113,90,74,67,53,42,34,43,56,44,37,28,22,17,9,12
E02000101,271,173,97,94,63,45,40,23,22,30,35,27,46,43,13,16,11,14
E02000102,131,147,89,53,47,36,26,20,22,17,31,23,23,17,10,19,7,6
E02000103,208,168,110,90,67,46,21,15,28,13,23,41,47,32,16,10,8,9
E02000104,163,173,60,72,63,60,45,41,16,22,29,25,30,29,16,10,5,7
E02000105,210,177,115,96,85,44,32,29,18,24,27,39,38,35,15,14,12,0
E02000106,162,162,102,83,69,50,49,22,31,30,25,27,49,24,21,15,12,5
E02000107,266,166,98,106,87,66,61,38,29,39,55,53,73,49,25,27,13,6
E02000108,135,117,84,59,41,52,32,26,17,7,30,25,43,23,18,8,4,4
E02000109,394,360,209,166,177,106,93,58,52,66,81,92,101,115,52,35,26,16
E02000110,155,143,96,92,79,54,33,33,33,31,43,48,60,45,23,15,12,7
E02000111,211,222,114,106,82,59,38,19,12,17,24,41,46,25,14,6,10,3
E02000112,304,261,181,140,115,89,62,34,22,19,28,30,46,53,24,16,15,9
E02000113,220,148,92,98,58,40,32,24,23,16,19,25,30,34,18,7,11,5
E02000114,194,156,101,80,54,55,47,32,33,23,38,61,65,42,21,15,11,10
E02000115,159,134,100,80,77,48,60,42,34,37,39,56,63,43,29,23,15,5
E02000116,186,155,98,77,53,41,43,17,14,23,22,36,32,20,12,10,3,11
E02000117,268,251,116,123,80,63,56,56,24,23,44,52,43,39,23,13,16,6
E02000118,229,227,117,95,76,65,35,20,22,20,23,27,40,30,15,20,9,5
E02000119,253,205,145,120,97,58,36,30,25,30,27,40,54,21,29,9,11,9
E02000120,156,145,91,81,87,57,54,39,22,38,59,58,62,55,25,17,23,6
E02000121,219,238,108,79,94,46,37,26,15,30,29,39,40,30,10,9,10,4
E02000122,156,118,98,79,73,60,44,49,18,40,53,50,53,55,34,23,19,15
E02000123,327,298,154,142,110,73,55,50,31,31,29,59,70,54,26,16,9,0
E02000124,186,167,105,105,86,61,54,43,45,35,56,104,79,43,26,16,6,13
E02000125,208,153,125,95,109,67,54,42,32,57,78,83,59,40,25,10,17,8
E02000126,183,146,75,51,60,52,34,32,24,20,47,43,37,29,17,19,10,3
E02000127,201,147,82,83,95,56,26,21,21,16,37,65,65,48,20,14,20,5
E02000128,138,110,66,65,70,51,26,31,20,24,49,88,78,39,17,15,19,14
E02000130,144,104,73,112,85,62,65,32,34,39,85,69,73,71,41,24,18,6
E02000131,186,142,67,91,78,85,68,66,39,41,81,95,103,69,51,27,19,22
E02000132,228,139,80,96,92,66,57,50,27,36,94,92,82,67,35,21,17,14
E02000133,172,160,66,101,100,81,75,46,32,55,91,112,87,68,41,25,25,19
E02000134,231,172,113,131,134,95,45,52,35,44,82,89,69,73,42,24,15,12
E02000135,227,172,79,78,82,80,44,26,17,23,43,62,60,63,41,14,20,16
E02000136,140,90,42,52,43,50,35,23,14,20,28,40,46,23,19,13,11,8
E02000137,157,100,73,83,72,67,39,32,32,40,57,81,78,58,29,18,12,7
E02000138,180,99,65,96,87,43,40,35,40,40,66,68,83,54,34,22,13,11
E02000139,166,88,93,96,91,50,44,47,38,31,56,67,66,52,36,21,9,11
E02000140,207,152,86,96,81,84,50,20,22,18,49,40,70,50,24,16,17,7
E02000141,153,94,73,74,85,47,32,36,20,26,39,59,52,27,20,16,11,7
E02000142,198,115,58,77,97,67,77,36,27,39,90,95,79,59,30,17,19,9
E02000144,227,142,84,130,104,72,68,53,39,52,67,95,87,71,42,31,13,8
E02000145,220,149,117,83,97,55,25,22,9,29,47,67,80,47,23,22,7,3
E02000146,217,169,77,122,101,103,50,43,34,57,74,98,76,79,39,16,15,15
E02000147,175,101,58,75,91,81,38,27,23,28,46,73,78,56,28,17,15,11
E02000148,127,118,51,66,75,54,49,34,32,34,41,45,63,39,24,17,7,9
E02000149,181,118,75,88,64,68,35,29,31,18,36,38,59,37,13,16,11,10
E02000150,190,145,71,75,71,57,43,29,16,30,61,60,68,57,24,13,19,13
E02000151,152,84,69,104,111,75,39,43,29,41,50,68,74,63,24,17,6,6
E02000152,188,134,68,99,85,61,45,35,21,33,35,57,53,30,23,17,12,14
E02000153,198,134,72,92,67,65,40,53,29,66,85,87,62,48,22,23,16,6
E02000154,207,107,91,98,106,73,48,40,18,47,68,58,62,58,30,28,19,7
E02000155,162,109,67,71,77,51,29,31,25,23,42,54,57,32,25,21,13,6
E02000156,246,197,109,123,94,76,65,42,39,61,102,106,102,57,47,32,17,5
E02000157,131,121,107,96,106,82,62,48,29,54,85,84,66,56,20,30,17,4
E02000158,168,107,83,60,63,64,34,36,16,28,60,65,59,53,37,15,8,9
E02000159,138,99,70,47,65,46,37,28,16,32,47,55,37,23,19,26,9,5
E02000160,223,112,78,79,82,62,51,44,32,43,72,74,57,47,29,22,21,10
E02000161,162,132,104,119,138,80,61,50,42,43,63,86,58,29,35,26,20,7
E02000162,160,116,73,61,47,63,35,35,32,38,38,68,52,43,28,16,10,14
E02000163,155,115,63,91,112,81,49,47,19,40,53,66,90,41,39,29,11,5
E02000165,204,124,52,61,48,49,27,24,15,34,53,52,61,46,20,16,8,7
E02000166,127,91,76,68,78,60,48,36,37,31,55,80,78,51,22,18,10,7
E02000167,115,91,71,93,79,71,48,39,30,37,42,66,62,46,42,18,12,11
E02000168,119,115,63,69,101,64,53,34,50,49,70,70,72,51,38,17,9,4
E02000169,91,136,109,76,115,85,48,33,19,37,47,67,67,51,22,18,18,9
E02000170,168,132,90,86,81,76,57,39,40,33,78,87,81,72,41,21,12,12
E02000171,96,99,82,78,80,64,42,39,29,38,46,67,82,59,28,23,25,6
E02000172,169,169,102,102,114,81,64,60,30,32,52,61,77,53,36,17,20,13
E02000173,129,110,93,89,91,73,62,38,23,46,77,72,72,64,49,29,13,10
E02000174,150,144,97,89,96,88,63,32,36,35,57,79,73,51,27,20,14,13
E02000175,132,157,89,78,108,77,68,51,44,54,68,84,91,62,40,16,21,21
E02000176,90,97,83,77,77,50,46,28,39,26,55,97,58,42,17,18,11,7
E02000177,187,131,92,96,82,86,47,44,26,32,50,54,60,50,21,29,21,8
E02000178,169,147,95,71,68,66,57,41,32,35,60,60,61,49,41,20,9,10
E02000179,104,118,68,53,47,44,32,34,23,28,48,57,48,37,19,16,9,13
E02000180,144,143,72,67,75,58,47,40,36,42,53,75,70,38,25,11,17,9
E02000181,124,125,80,92,98,64,65,41,43,41,75,86,97,76,43,16,18,10
E02000182,115,120,73,81,77,72,43,26,25,42,48,74,40,60,29,21,15,9
E02000183,118,102,82,78,72,60,38,33,24,34,69,57,45,44,23,36,17,11
E02000184,166,125,69,72,65,71,54,55,40,39,50,70,73,54,27,24,13,16
E02000185,161,167,84,81,79,55,42,34,24,22,43,41,41,41,28,9,15,5
E02000186,104,107,56,52,61,46,51,32,35,28,36,53,60,42,30,17,20,3
E02000187,190,174,91,73,95,104,50,35,16,23,50,67,80,63,45,20,18,10
E02000188,146,109,86,65,91,59,39,33,23,25,43,33,43,30,18,19,7,4
E02000189,122,116,65,64,56,59,37,31,33,26,37,45,68,49,14,11,10,7
E02000190,121,95,53,58,61,63,63,37,31,46,45,66,53,43,15,16,28,7
E02000191,127,125,71,83,110,95,68,53,31,32,41,54,75,60,26,14,14,11
E02000192,117,96,54,68,63,50,44,45,35,41,51,54,60,47,22,18,10,7
E02000193,130,121,77,81,82,54,44,53,41,38,51,69,86,58,33,26,32,14
E02000194,219,134,91,81,84,66,57,54,38,44,72,94,79,59,34,20,20,11
E02000195,202,132,113,75,64,63,40,40,23,48,52,60,70,41,28,16,16,11
E02000196,164,143,72,59,45,44,46,39,22,28,39,37,30,29,30,22,6,6
E02000197,201,137,99,65,45,41,39,32,17,31,53,54,50,37,38,19,24,5
E02000198,199,163,65,46,57,43,31,28,19,25,25,47,34,34,22,11,16,6
E02000199,192,157,55,67,46,46,27,32,20,22,50,63,72,30,24,16,7,10
E02000200,170,125,73,76,76,74,35,47,24,34,56,42,55,39,35,21,13,6
E02000201,184,150,71,37,51,46,52,28,17,16,31,51,40,36,20,16,14,8
E02000202,205,119,77,65,42,47,37,22,14,25,24,39,42,40,27,13,13,11
E02000203,193,118,44,58,47,34,29,19,18,20,19,38,37,17,17,7,12,5
E02000204,158,180,78,45,62,68,42,20,17,16,41,38,37,45,24,15,11,5
E02000206,226,186,107,64,63,57,58,38,28,33,36,43,46,47,24,13,10,10
E02000207,206,153,78,65,69,50,52,29,22,31,32,43,42,39,22,14,14,5
E02000208,299,198,97,108,69,58,40,24,16,28,44,39,38,44,25,16,13,8
E02000209,244,183,72,55,60,34,29,34,18,21,36,35,34,32,14,5,9,3
E02000210,222,139,68,75,70,68,45,26,21,25,48,59,52,45,19,12,13,7
E02000211,174,142,53,61,68,44,45,39,21,29,36,59,52,34,22,16,20,11
E02000212,226,158,114,72,46,47,50,39,20,18,32,27,36,35,25,11,18,4
E02000213,271,227,82,81,89,77,41,43,26,32,46,66,48,43,32,21,14,7
E02000214,145,100,46,66,49,47,17,30,19,32,28,44,45,36,22,13,12,4
E02000215,249,212,99,101,107,72,58,45,27,33,46,65,66,46,31,18,10,19
E02000216,154,98,83,78,60,43,36,45,28,40,36,39,46,37,22,14,9,5
E02000217,267,171,116,103,91,79,61,43,32,55,69,81,65,58,38,20,21,9
E02000218,133,107,52,51,42,38,20,19,11,26,34,38,41,31,22,13,5,7
E02000219,157,117,55,57,56,39,33,31,28,31,57,65,53,43,29,25,16,6
E02000220,289,276,140,118,107,90,81,82,54,55,61,109,99,94,55,25,16,13
E02000221,254,188,73,81,118,76,60,39,35,33,52,56,59,45,36,14,17,4
E02000222,138,118,88,73,92,68,45,38,29,36,62,70,74,60,30,17,14,7
E02000223,218,170,78,70,65,50,29,20,18,22,54,25,37,34,16,12,4,6
E02000224,214,105,69,73,88,61,49,30,21,43,56,71,72,37,22,13,12,4
E02000225,184,123,79,94,67,51,37,24,20,26,27,28,30,33,27,11,5,6
E02000226,189,114,78,69,61,66,48,35,37,44,53,64,71,30,29,19,21,3
E02000227,304,166,77,92,79,82,60,43,31,35,79,98,84,56,46,31,23,6
E02000228,163,80,53,82,84,76,53,38,26,42,53,88,97,43,26,18,10,8
E020002289,169,112,74,49,32,42,29,33,20,26,32,40,35,29,16,14,8,0
E02000230,253,132,97,83,100,119,64,58,33,59,76,112,84,60,38,26,24,12
E02000231,163,113,59,56,96,74,60,49,23,54,62,74,65,55,25,33,14,5
E02000232,154,63,61,71,73,58,47,26,13,25,46,65,48,31,22,9,10,8
E02000233,132,83,87,81,42,36,38,23,23,38,55,52,55,37,29,19,8,10
E02000234,224,155,89,82,119,78,60,38,38,51,58,91,106,60,37,9,12,14
E02000235,159,130,70,71,80,59,38,27,37,45,70,64,69,35,26,20,10,8
E02000236,172,147,79,81,78,66,56,66,30,39,85,95,98,67,37,19,15,5
E02000237,174,89,66,77,55,55,48,34,32,33,62,73,55,39,38,24,13,15
E02000238,203,198,121,124,120,93,44,40,20,26,46,61,47,32,21,19,15,9
E02000239,201,153,101,126,90,104,58,43,24,24,32,36,57,39,23,16,8,7
E02000240,228,221,133,145,130,75,37,30,31,31,29,36,72,37,29,23,23,0
E02000241,162,136,100,75,57,51,27,24,20,26,35,30,43,32,13,13,3,3
E02000242,128,144,61,69,61,45,30,23,15,18,32,32,26,26,25,12,9,4
E02000243,147,151,114,117,79,54,32,30,19,18,29,44,45,31,26,13,17,9
E02000244,137,135,76,81,93,54,47,17,17,26,17,28,40,47,20,11,7,5
E02000245,203,146,96,101,84,42,37,28,30,27,18,31,48,40,19,13,8,4
E02000246,177,197,108,115,105,64,33,28,15,23,18,38,53,36,22,18,11,9
E02000247,244,224,123,103,131,61,60,28,21,24,40,52,56,47,45,17,13,21
E02000248,136,151,65,98,59,57,41,29,14,24,38,38,40,34,16,8,14,13
E02000249,163,174,95,62,90,39,33,27,24,13,30,30,37,47,22,12,15,6
E02000250,102,100,51,84,101,116,55,30,26,40,44,59,71,53,22,21,8,8
E02000251,172,176,102,75,72,55,35,16,18,16,19,21,40,31,10,10,10,11
E02000252,241,244,137,114,133,97,58,61,36,42,53,69,67,46,33,13,25,9
E02000253,186,186,106,91,90,59,59,33,38,36,58,53,54,60,18,9,17,10
E02000254,135,240,136,110,96,65,26,21,12,22,27,28,32,32,19,14,13,6
E02000255,160,183,123,126,136,124,88,53,36,48,70,76,62,54,38,20,16,8
E02000256,169,168,100,93,98,97,62,66,40,45,70,58,84,59,38,26,12,10
E02000257,233,242,170,172,166,160,120,78,67,83,125,136,97,129,50,39,17,25
E02000258,160,98,103,85,80,69,47,29,21,29,58,53,56,28,27,10,14,4
E02000259,125,95,83,75,89,79,49,38,20,30,48,52,51,29,15,13,10,8
E02000260,217,197,138,92,87,49,33,24,17,21,25,22,17,21,18,17,10,8
E02000261,275,236,133,149,120,87,74,49,41,51,54,71,85,46,23,20,18,7
E02000262,184,178,68,108,94,63,49,26,38,31,43,64,72,54,24,24,7,12
E02000263,271,341,212,157,96,74,47,18,27,36,23,35,39,20,20,15,17,5
E02000264,165,144,90,86,88,98,70,47,28,46,44,56,60,52,31,30,19,13
E02000265,228,188,147,127,107,99,79,57,47,54,64,76,71,51,43,20,16,10
E02000266,330,294,141,141,133,83,53,44,24,30,41,40,63,50,33,18,13,8
E02000267,165,153,102,64,103,80,60,41,30,36,63,53,61,51,29,22,16,6
E02000268,171,162,89,115,110,85,63,56,47,39,79,81,82,67,36,22,18,14
E02000269,143,125,94,121,118,78,72,60,32,55,69,70,79,57,36,26,16,13
E02000270,195,152,113,122,79,80,46,56,43,42,58,69,72,62,27,24,17,5
E02000271,97,79,78,95,95,79,72,30,24,33,58,67,73,38,17,26,16,6
E02000272,163,88,69,70,81,76,56,41,30,35,57,65,56,31,22,19,14,10
E02000274,325,398,269,198,113,81,54,32,22,20,41,33,51,41,23,9,13,11
E02000275,197,205,137,86,57,36,23,20,25,17,19,36,24,18,14,11,12,5
E02000276,149,124,92,125,97,73,32,47,32,35,40,55,46,39,23,21,11,9
E02000277,192,144,60,46,54,30,29,21,11,25,28,27,31,27,10,6,9,10
E02000278,177,164,75,55,59,61,38,18,12,17,33,36,40,55,19,26,9,6
E02000279,253,214,125,104,76,65,38,13,25,26,39,46,49,35,23,15,10,8
E02000280,164,141,67,108,70,50,30,43,23,37,66,69,70,44,32,14,9,11
E02000281,210,162,96,106,80,82,45,27,19,26,40,49,57,26,23,14,10,3
E02000282,160,128,73,56,57,38,21,18,23,13,27,37,47,24,10,4,5,7
E02000283,191,132,61,67,59,49,14,17,15,32,13,31,36,17,13,15,0,4
E02000284,186,145,60,80,70,63,38,35,15,35,44,72,76,48,22,18,13,8
E02000285,167,126,68,59,44,44,28,24,16,33,43,56,57,29,14,10,12,6
E02000286,166,124,79,74,72,74,38,29,23,31,55,46,63,60,29,20,15,14
E02000287,125,88,64,54,73,60,28,34,21,20,44,60,54,43,17,17,14,6
E02000288,250,176,83,58,70,42,34,21,24,19,26,26,35,20,12,12,13,5
E02000289,167,114,66,65,73,52,18,19,16,15,28,33,46,29,20,9,9,7
E02000290,160,99,51,45,51,27,13,11,8,6,13,14,27,11,11,6,6,4
E02000291,252,155,80,67,90,65,38,32,20,41,29,52,52,42,18,24,10,3
E02000292,169,133,73,86,82,58,31,35,26,36,54,43,53,33,32,12,10,10
E02000293,105,100,54,55,77,56,26,26,35,23,30,46,54,46,24,12,4,9
E02000294,196,153,107,72,51,33,34,14,11,14,19,29,39,26,14,9,9,4
E02000295,190,123,72,93,90,66,44,26,24,32,36,57,79,48,24,23,15,5
E02000296,259,185,79,113,104,95,45,32,32,30,57,55,58,31,36,27,14,4
E02000297,235,111,73,141,91,57,32,34,29,34,59,47,73,56,31,17,9,0
E02000298,126,133,75,67,76,74,34,41,33,35,58,72,82,52,25,11,6,10
E02000299,178,160,81,66,53,36,16,12,9,8,15,35,45,25,11,14,13,5
E02000300,139,138,63,48,47,34,31,28,8,14,18,32,25,32,7,7,0,0
E02000301,173,168,70,63,41,41,27,22,14,18,26,31,39,25,10,6,10,5
E02000302,204,127,77,60,83,51,48,31,18,42,44,46,67,49,13,20,5,0
E02000303,160,134,68,49,37,35,29,16,17,16,25,26,27,16,5,4,9,5
E02000304,152,119,48,72,73,63,49,38,20,32,48,41,59,45,27,16,8,13
E02000305,144,135,84,86,91,70,27,41,32,37,58,65,58,61,37,24,12,5
E02000306,150,124,72,50,48,26,32,18,9,8,25,19,23,11,11,9,10,4
E02000307,220,130,86,52,62,45,30,21,26,21,29,43,39,32,15,15,10,5
E02000308,195,172,70,73,61,51,35,39,28,27,39,51,60,56,37,12,11,8
E02000309,295,201,95,77,54,50,27,20,12,25,32,37,38,27,16,11,9,5
E02000311,193,145,65,69,75,45,45,30,25,30,41,47,52,38,15,12,9,3
E02000312,199,189,98,111,96,90,48,38,32,36,53,65,85,59,32,14,11,10
E02000313,139,108,45,39,36,32,16,17,11,15,12,18,19,28,7,8,8,5
E02000314,310,237,107,116,88,56,49,43,44,59,49,79,62,55,32,25,18,11
E02000315,213,119,81,58,55,33,25,11,20,13,24,39,74,34,26,23,9,17
E02000316,357,214,124,108,111,89,72,74,49,50,74,72,112,77,45,35,21,15
E02000317,163,111,70,60,57,39,22,21,14,24,30,38,28,24,19,20,0,8
E02000318,242,161,99,78,65,43,45,28,20,28,20,37,32,36,22,16,10,11
E02000319,252,125,94,75,71,53,36,21,21,32,38,55,45,39,29,8,7,4
E02000320,152,102,72,54,39,31,22,27,14,16,25,38,33,29,11,19,8,8
E02000321,144,102,58,51,56,28,18,14,17,19,30,33,36,20,26,18,19,7
E02000323,271,190,125,100,85,69,39,34,17,38,37,54,63,54,33,18,17,24
E02000324,151,101,80,68,80,60,35,31,22,24,33,34,48,34,15,11,5,7
E02000326,161,104,69,81,97,71,41,24,19,39,45,60,59,50,32,13,14,6
E02000327,166,100,55,66,64,45,33,14,14,23,23,32,43,21,27,16,11,8
E02000328,131,85,80,61,83,74,50,38,30,43,43,54,44,47,35,22,13,4
E02000329,140,85,48,57,83,40,30,16,15,21,30,46,35,30,18,12,5,0
E02000331,188,146,64,80,70,57,45,31,19,35,49,35,56,43,26,19,16,11
E02000332,170,108,58,57,55,34,33,30,19,31,40,43,36,28,19,17,12,9
E02000333,134,78,42,48,47,48,35,32,18,36,55,63,55,36,29,13,7,8
E02000334,127,79,66,76,52,58,28,26,16,28,29,52,42,40,15,17,17,8
E02000335,164,93,42,47,48,41,28,35,16,27,64,53,89,33,27,14,10,3
E02000337,245,136,64,87,59,51,35,36,17,12,44,54,49,34,22,13,13,5
E02000339,110,87,53,52,52,59,27,23,15,31,47,70,63,40,23,13,13,13
E02000340,120,95,64,57,64,39,28,35,24,24,50,49,68,29,30,20,12,8
E02000341,174,143,73,70,79,48,28,28,9,27,31,45,50,31,27,9,9,6
E02000342,170,106,58,57,46,46,31,20,14,23,32,47,64,27,29,12,10,0
E02000343,167,112,61,60,67,53,26,16,13,27,45,54,42,39,18,18,12,6
E02000344,166,81,51,55,50,48,29,17,16,22,25,55,53,49,14,8,15,20
E02000345,119,161,176,96,85,37,29,12,9,7,13,12,21,10,5,0,7,3
E02000346,153,170,92,70,75,56,43,27,27,36,56,53,51,51,20,20,17,8
E02000347,126,122,121,83,66,27,33,18,14,20,24,23,26,25,8,10,22,6
E02000348,145,123,153,83,50,40,14,18,8,6,14,23,20,18,5,9,4,6
E02000350,189,144,114,60,66,63,47,40,37,29,63,67,59,37,19,14,10,9
E02000351,184,176,101,75,108,65,79,72,49,56,64,90,80,63,31,25,19,10
E02000352,107,89,73,76,51,47,33,30,21,31,41,45,47,33,21,11,5,6
E02000353,135,111,50,56,66,51,41,46,35,60,58,78,64,45,23,15,9,15
E02000354,196,151,68,68,78,57,52,48,29,43,42,61,34,51,23,18,12,3
E02000355,157,146,67,76,71,65,52,39,33,35,53,48,57,38,24,11,5,5
E02000356,122,116,62,58,63,63,48,44,41,63,75,74,52,43,32,9,8,15
E02000357,110,105,42,31,57,28,28,9,11,16,30,24,28,19,11,10,7,0
E02000358,220,166,99,77,86,89,64,72,45,45,69,94,86,55,47,15,16,5
E02000359,109,130,65,76,79,48,30,31,32,39,33,39,41,32,25,14,8,7
E02000360,240,197,87,74,78,76,55,39,33,36,56,70,56,44,18,24,15,14
E02000361,165,129,50,74,66,66,54,37,38,44,39,60,55,49,24,17,14,8
E02000362,152,124,47,55,35,51,39,26,27,26,36,40,51,32,18,16,8,0
E02000363,233,197,83,83,83,56,45,26,42,31,52,72,86,34,25,18,13,15
E02000364,144,152,89,83,61,68,66,43,34,43,66,63,68,41,33,17,13,7
E02000365,240,227,128,97,140,100,91,92,56,56,89,149,106,81,44,28,17,11
E02000366,194,138,74,54,48,37,65,35,31,30,32,58,49,36,20,16,12,5
E02000367,176,175,107,77,93,92,83,32,50,62,75,68,92,77,53,25,16,9
E02000368,196,148,73,77,52,65,47,38,25,43,56,52,47,45,24,17,19,8
E02000369,242,196,108,114,104,111,70,63,39,72,78,86,86,97,28,22,26,8
E02000370,173,181,86,82,90,63,61,47,30,44,59,54,64,39,28,20,26,16
E02000371,258,244,141,88,112,97,98,64,69,87,92,122,112,92,53,25,35,15
E02000372,266,210,132,111,85,73,56,45,26,54,53,69,74,75,41,23,28,12
E02000373,148,142,67,48,40,45,33,15,21,10,18,27,28,16,14,6,6,7
E02000374,145,97,79,80,71,51,41,27,20,28,45,41,44,33,27,15,16,13
E02000375,157,119,63,75,54,56,43,31,15,32,52,41,46,52,23,20,15,9
E02000376,117,106,70,77,54,60,35,29,30,40,39,66,53,33,17,11,3,7
E02000377,149,133,78,67,70,50,77,32,29,39,50,46,69,49,19,11,13,8
E02000378,129,129,63,64,66,57,37,27,22,55,64,50,37,34,20,18,17,12
E02000379,148,117,80,103,92,61,40,26,35,52,60,60,74,46,27,22,11,5
E02000380,87,89,69,73,69,51,45,28,16,23,39,49,41,40,21,18,7,8
E02000381,136,131,89,85,66,60,51,31,37,53,46,54,66,38,32,17,11,6
E02000382,121,95,53,59,65,69,38,28,18,25,45,50,68,56,23,25,7,14
E02000383,163,153,87,72,78,70,61,39,46,65,98,67,59,53,40,23,22,20
E02000384,162,153,92,87,90,53,46,38,31,37,60,48,69,53,30,26,12,8
E02000385,87,88,55,39,50,45,37,28,31,34,53,57,50,44,13,14,7,3
E02000386,160,164,80,55,71,62,46,26,26,28,42,54,53,36,23,20,10,5
E02000387,132,114,59,54,71,41,36,32,34,33,52,47,46,35,16,10,9,0
E02000388,179,145,81,72,77,59,42,41,32,30,66,61,71,61,24,19,8,7
E02000389,142,133,102,98,104,78,61,51,43,43,60,58,70,43,28,21,9,9
E02000390,83,106,77,54,69,49,39,33,16,26,44,39,48,33,21,10,9,3
E02000391,119,133,76,77,68,63,62,28,22,44,37,45,42,40,20,16,14,5
E02000392,133,157,86,80,103,72,48,43,30,41,52,54,73,31,20,17,13,8
E02000393,67,94,50,68,62,60,33,37,23,25,27,50,34,28,12,8,3,6
E02000394,194,147,126,101,70,58,66,43,24,36,39,61,54,44,18,14,16,13
E02000395,119,87,40,46,68,42,43,27,22,25,51,46,34,31,18,9,9,5
E02000396,109,100,76,62,64,63,39,31,32,37,43,52,39,40,14,16,9,5
E02000397,129,137,69,60,74,76,31,11,26,28,40,51,57,45,18,9,7,6
E02000398,127,102,52,22,38,18,17,10,14,12,26,12,18,21,13,7,5,5
E02000400,141,124,68,76,52,70,41,25,25,38,51,61,52,27,25,22,12,0
E02000401,152,121,66,49,42,28,22,12,14,15,23,35,28,14,9,0,8,4
E02000402,145,93,44,50,31,33,9,11,23,17,19,19,24,15,13,11,0,0
E02000403,153,116,54,64,76,59,32,33,33,18,38,40,53,28,24,12,10,6
E02000404,151,108,66,36,50,46,23,18,20,11,28,26,36,27,11,7,5,3
E02000405,121,95,58,65,81,62,49,34,23,25,66,99,67,44,14,13,3,7
E02000406,138,103,49,46,51,45,27,26,30,24,22,46,31,21,14,11,8,4
E02000407,147,114,49,58,68,34,19,34,12,21,20,26,46,17,12,8,8,3
E02000408,196,111,57,57,46,45,29,21,19,13,24,30,32,12,16,7,5,6
E02000409,120,90,47,40,48,32,12,19,22,16,19,18,22,18,22,7,12,0
E02000410,130,90,77,100,98,59,45,26,27,28,43,64,65,39,21,12,6,6
E02000411,188,167,86,62,62,54,38,36,20,20,55,60,49,31,19,10,12,6
E02000412,149,131,66,41,55,35,36,20,14,21,27,29,46,26,17,14,14,0
E02000413,139,146,119,141,117,79,38,36,21,28,56,51,80,59,33,22,8,10
E02000414,153,135,66,52,46,45,31,22,26,18,29,28,36,20,13,9,9,7
E02000415,146,108,76,61,54,55,35,27,23,48,45,40,58,33,20,17,11,3
E02000416,156,129,84,65,86,65,34,38,24,39,48,49,51,55,32,27,14,9
E02000417,123,100,79,93,69,50,49,47,23,26,62,58,56,51,29,15,12,5
E02000418,111,77,62,77,73,52,41,22,24,28,43,66,61,37,25,14,9,12
E02000419,205,149,71,64,61,62,33,34,21,39,46,58,57,46,29,15,14,7
E02000420,179,116,70,39,49,42,27,26,31,40,37,50,37,28,22,12,6,6
E02000421,211,145,75,49,50,44,40,18,21,24,27,31,28,26,13,13,8,4
E02000422,161,122,56,52,43,53,29,27,22,20,35,34,27,40,21,6,3,0
E02000423,117,108,65,55,51,46,41,44,27,34,38,49,57,38,25,14,3,9
E02000424,141,108,64,68,57,50,40,33,30,52,72,57,55,42,30,12,9,9
E02000425,110,102,196,106,62,24,22,9,14,0,10,13,18,8,5,3,0,0
E02000426,109,97,73,58,76,56,37,41,24,28,44,62,62,45,28,21,11,6
E02000427,141,126,62,64,67,42,44,27,29,42,58,57,66,31,18,18,16,5
E02000428,173,126,80,61,48,34,34,30,19,17,36,38,35,29,22,7,10,8
E02000429,128,91,59,48,65,48,37,39,42,35,49,83,61,42,29,18,12,15
E02000430,116,65,63,64,76,60,41,50,32,44,62,65,83,57,36,21,15,10
E02000431,118,60,54,59,75,61,42,32,30,27,61,82,70,44,28,26,15,6
E02000432,103,95,42,46,65,73,42,35,24,44,49,54,48,43,23,12,10,6
E02000433,151,166,79,78,81,79,43,40,29,33,56,66,82,38,22,21,12,9
E02000434,204,170,100,119,109,77,61,44,36,30,61,63,80,70,40,24,14,10
E02000435,130,131,76,79,69,67,55,24,31,32,47,52,46,50,26,27,13,8
E02000436,90,86,56,60,58,44,39,31,21,24,41,59,42,33,35,15,13,0
E02000437,180,153,106,113,92,98,58,24,29,28,48,51,51,41,26,16,11,4
E02000438,156,173,95,103,115,63,39,42,14,48,61,67,57,52,23,19,15,11
E02000439,174,170,118,102,65,78,49,23,29,31,29,30,42,37,18,17,23,9
E02000440,200,169,118,125,113,95,45,44,29,27,62,55,78,59,27,22,10,8
E02000441,133,109,61,83,67,53,54,32,29,45,50,55,65,43,25,14,12,11
E02000442,178,176,117,104,65,74,48,25,16,19,30,42,41,29,20,15,5,5
E02000443,179,217,105,133,110,84,43,26,16,33,41,63,53,35,20,16,12,5
E02000444,173,130,115,101,93,61,43,20,27,18,41,43,40,31,18,16,9,8
E02000445,238,202,143,129,113,84,62,37,20,27,36,68,59,55,24,19,13,11
E02000447,153,128,87,111,98,69,34,30,28,30,46,52,70,31,26,15,17,9
E02000448,122,102,60,90,94,73,46,24,29,40,62,50,60,53,25,16,12,0
E02000449,183,146,109,64,91,71,33,34,18,27,25,27,36,20,17,9,13,15
E02000451,152,114,51,74,95,59,43,28,22,44,51,51,68,45,23,13,12,9
E02000452,210,230,124,118,91,88,47,42,24,30,54,67,54,36,31,12,11,7
E02000453,145,150,95,112,91,66,55,37,28,18,51,62,57,47,22,19,13,6
E02000454,118,117,76,81,101,64,66,48,21,27,41,56,70,48,28,15,11,8
E02000455,245,210,157,193,146,88,53,42,34,45,76,89,80,57,51,21,23,13
E02000456,174,147,108,87,88,58,25,27,24,21,33,56,53,53,30,21,12,10
E02000457,130,139,83,112,116,48,46,36,25,29,35,60,54,25,32,18,9,9
E02000459,201,172,115,153,110,62,31,24,20,35,55,60,56,44,33,6,15,12
E02000460,174,144,75,86,82,76,47,28,23,17,33,43,24,29,12,7,10,14
E02000461,103,90,75,78,69,56,46,32,23,29,24,47,43,28,27,6,0,3
E02000462,139,138,68,103,90,43,34,30,18,29,33,46,41,27,16,12,9,10
E02000463,180,161,116,88,76,75,45,30,20,20,36,37,49,39,17,12,12,6
E02000464,181,115,81,78,58,57,22,23,14,24,34,32,34,39,18,14,12,8
E02000465,248,124,97,117,89,68,41,22,23,28,38,59,36,38,35,19,14,10
E02000466,231,167,82,64,64,55,34,40,28,29,44,61,65,46,23,17,7,3
E02000467,309,194,111,167,97,57,37,21,23,19,46,48,57,30,27,15,12,6
E02000468,213,166,101,79,79,50,32,19,14,18,32,51,49,34,19,9,14,3
E02000469,200,124,77,75,61,37,24,26,6,12,29,34,52,28,20,23,6,3
E02000470,218,136,79,91,87,61,38,31,32,27,48,65,75,71,40,23,15,17
E02000471,184,115,65,70,59,18,21,22,18,42,47,59,43,40,29,16,12,7
E02000472,265,149,85,80,77,47,28,38,22,38,56,65,52,43,25,20,15,10
E02000473,216,175,72,77,70,62,38,37,27,59,74,79,81,45,29,23,19,11
E02000474,254,152,88,110,84,46,30,34,19,14,37,56,59,40,28,16,12,8
E02000475,184,140,90,94,54,54,46,36,20,33,67,65,73,58,33,7,23,10
E02000476,251,207,123,90,77,53,34,36,23,23,52,63,65,25,26,17,17,8
E02000477,234,149,95,91,88,48,43,20,20,39,62,65,75,46,27,20,17,12
E02000478,111,80,29,49,42,36,25,13,17,13,38,48,33,19,18,10,17,6
E02000479,259,139,96,94,69,41,41,22,16,41,64,65,56,37,26,16,16,6
E02000480,327,238,136,112,102,71,49,34,39,42,64,68,91,59,30,26,18,15
E02000481,212,144,52,79,63,53,26,31,29,39,56,62,48,38,20,24,13,9
E02000482,149,92,59,54,55,45,31,45,28,28,56,61,35,35,16,15,18,14
E02000483,207,120,62,83,55,34,23,30,16,27,45,59,53,37,30,19,14,11
E02000484,254,163,68,73,73,44,30,28,15,30,33,77,58,39,30,14,13,5
E02000485,187,150,74,90,76,62,36,33,31,36,64,53,59,41,24,16,8,10
E02000486,194,113,70,92,74,52,33,27,14,22,46,60,52,41,21,9,8,11
E02000487,194,108,67,62,76,50,37,29,19,27,63,76,87,52,29,24,14,8
E02000488,187,113,53,67,64,45,30,17,22,31,47,61,79,44,25,18,13,4
E02000489,245,165,76,82,83,48,30,24,26,26,51,70,72,43,36,17,21,7
E02000490,262,153,96,84,55,39,24,27,17,21,59,47,34,38,14,22,8,3
E02000491,274,188,92,107,82,46,31,24,13,36,49,47,70,41,30,14,13,4
E02000492,174,103,69,37,43,36,21,17,7,14,28,31,39,24,14,13,6,3
E02000493,147,110,53,73,65,44,23,22,18,15,20,25,25,31,17,11,12,3
E02000494,121,106,95,74,68,68,56,39,35,33,56,78,78,56,30,32,15,10
E02000495,223,155,73,92,117,81,57,56,32,50,74,69,78,48,38,31,14,13
E02000496,203,164,78,100,92,67,45,24,15,20,40,59,42,38,50,35,15,8
E02000497,162,156,89,117,123,73,57,47,33,49,57,71,68,59,42,21,18,7
E02000498,121,95,71,81,83,58,27,34,22,38,36,47,47,30,32,15,9,8
E02000499,143,135,83,97,91,76,47,44,29,35,39,56,77,49,35,22,14,9
E02000500,167,141,102,88,98,61,55,36,31,46,69,60,73,54,29,24,15,13
E02000501,173,129,90,128,72,78,77,48,28,37,63,55,73,54,50,17,18,17
E02000502,203,148,107,124,125,91,56,55,19,48,46,70,65,52,33,16,19,6
E02000503,173,152,102,159,118,90,58,34,24,38,38,75,53,60,32,16,17,8
E02000504,164,110,62,103,109,90,58,31,36,33,56,81,61,51,25,29,14,9
E02000506,133,139,79,79,102,74,53,24,21,38,48,69,68,76,36,11,6,8
E02000507,166,181,104,105,93,78,42,33,23,36,53,71,70,39,35,13,27,9
E02000508,222,204,144,161,213,148,82,57,49,43,55,78,86,56,42,23,24,16
E02000509,206,145,149,167,96,116,61,32,21,31,36,58,67,55,35,12,28,8
E02000510,189,188,98,134,105,72,39,36,26,29,54,63,68,43,29,18,18,15
E02000511,213,206,167,120,104,70,46,23,18,32,50,45,62,36,33,9,13,4
E02000512,215,152,96,119,98,81,40,16,19,25,45,36,41,42,29,13,13,9
E02000513,183,194,107,111,84,56,37,21,17,22,36,32,30,27,13,18,5,5
E02000514,180,184,144,126,100,61,44,27,21,16,32,37,42,39,18,14,13,6
E02000515,261,263,155,164,151,113,66,55,36,42,88,70,81,70,63,25,37,15
E02000516,168,147,107,109,80,54,34,24,16,20,22,28,23,30,13,11,7,13
E02000517,236,199,111,98,108,78,46,32,18,19,30,39,35,34,23,30,17,9
E02000518,232,180,161,149,118,69,44,22,29,27,36,45,46,51,30,21,10,23
E02000519,223,181,106,89,95,63,53,21,19,24,45,46,32,27,30,13,15,4
E02000520,304,253,177,133,138,105,88,51,13,39,41,49,75,70,40,8,15,26
E02000521,303,290,183,176,171,127,61,48,34,34,51,49,80,49,41,19,21,17
E02000522,211,170,120,140,142,108,46,18,20,29,48,49,65,51,37,21,15,11
E02000523,256,271,154,146,137,67,51,35,29,22,58,45,39,47,13,12,8,7
E02000524,197,250,158,147,104,62,66,27,37,22,72,62,81,38,32,22,12,24
E02000525,226,247,182,136,111,81,35,31,15,25,22,39,37,40,24,12,11,0
E02000526,138,139,85,98,104,59,55,48,23,40,54,95,68,55,37,26,16,13
E02000528,240,256,190,173,145,85,82,64,31,64,77,109,107,75,57,23,26,17
E02000529,190,208,118,112,89,46,36,36,29,24,18,26,41,26,14,12,9,5
E02000530,194,165,92,92,70,58,28,15,10,10,25,35,22,24,14,11,17,0
E02000531,211,189,132,134,113,98,55,50,47,68,65,80,73,62,47,28,30,18
E02000532,131,135,97,89,98,85,60,47,25,41,65,61,89,60,36,23,12,12
E02000533,122,130,100,86,99,74,60,47,30,37,75,68,77,49,20,21,22,11
E02000534,152,154,86,105,101,57,34,23,24,16,48,70,58,43,26,11,9,12
E02000535,217,235,111,127,99,79,33,27,11,23,30,29,42,33,23,16,7,8
E02000536,199,201,136,130,100,79,36,28,21,26,26,56,40,44,23,14,11,16
E02000537,209,157,123,104,103,60,43,38,23,20,44,38,51,44,25,20,10,7
E02000538,221,247,152,112,101,76,53,28,14,15,23,27,29,31,14,17,10,6
E02000539,274,204,123,183,169,123,55,50,44,39,71,88,95,75,31,40,23,10
E02000540,236,221,145,137,156,100,58,44,27,47,50,50,79,50,39,20,16,11
E02000541,239,290,132,144,106,74,51,26,16,18,34,36,29,36,32,8,9,8
E02000542,308,279,182,152,112,127,51,48,17,23,46,40,55,34,29,17,9,9
E02000543,292,327,194,217,142,86,63,61,32,40,55,61,63,58,51,16,16,14
E02000544,170,136,96,93,124,83,48,26,22,21,56,45,45,41,26,18,10,5
E02000545,171,153,103,115,124,94,36,33,21,37,58,54,70,43,25,23,12,8
E02000546,211,206,148,134,106,69,39,33,23,23,34,35,41,39,28,16,6,5
E02000547,207,196,130,138,117,90,65,48,35,40,39,52,59,48,32,24,16,9
E02000548,207,238,152,155,131,78,47,31,29,50,51,57,63,35,30,12,16,4
E02000549,289,237,185,239,183,124,57,43,21,33,55,76,61,46,24,20,13,17
E02000550,270,231,147,161,159,123,67,34,31,21,50,69,63,48,31,24,13,11
E02000551,218,178,110,113,136,67,43,42,22,29,34,50,50,33,21,25,7,11
E02000552,185,200,92,166,148,98,64,37,21,43,59,50,57,45,36,20,15,6
E02000553,201,130,101,95,72,57,29,22,14,25,42,43,48,27,29,16,17,6
E02000554,200,190,89,87,87,40,54,48,24,43,57,73,68,35,35,20,12,5
E02000555,161,139,74,97,107,80,61,53,34,54,71,63,74,70,21,24,15,5
E02000556,219,177,93,124,96,85,65,66,45,52,98,101,89,66,35,34,17,8
E02000557,169,118,72,83,78,65,42,42,31,45,60,73,70,60,36,24,23,3
E02000558,200,165,83,63,58,62,62,35,23,23,51,56,54,37,24,12,6,4
E02000559,176,174,91,130,103,88,69,42,34,63,79,85,83,50,37,23,12,10
E02000560,141,145,95,74,73,56,48,50,42,41,42,55,74,56,37,13,11,7
E02000561,130,123,71,60,71,59,46,54,40,65,77,77,72,58,32,19,16,7
E02000562,143,123,66,82,73,53,55,43,32,35,51,60,74,50,34,24,10,5
E02000563,177,130,73,81,78,51,41,42,28,50,44,65,69,45,33,29,19,6
E02000564,247,203,120,126,105,103,67,83,54,83,96,99,111,87,44,34,21,14
E02000565,133,116,78,67,74,69,57,41,34,38,67,61,74,32,17,13,12,6
E02000566,158,127,80,50,80,70,46,60,50,53,68,87,84,62,31,32,24,0
E02000567,178,180,92,74,76,80,68,55,42,45,80,84,90,52,44,21,16,10
E02000568,266,193,111,160,90,82,70,60,52,51,66,71,93,78,35,22,18,15
E02000569,192,145,84,84,67,74,76,61,36,41,63,74,109,70,30,16,15,14
E02000570,153,134,84,97,79,66,65,59,43,54,82,87,93,65,38,30,13,19
E02000571,174,131,71,69,63,58,61,41,30,27,58,69,78,52,41,24,18,10
E02000572,128,112,66,80,59,73,50,27,23,34,44,52,41,38,27,19,15,10
E02000573,175,176,98,85,84,73,70,54,42,57,115,86,121,99,48,32,26,10
E02000574,156,163,92,85,74,65,67,55,34,41,78,66,72,57,48,14,18,14
E02000575,200,176,121,123,115,106,99,81,41,56,90,106,91,73,48,32,24,10
E02000576,232,195,132,118,113,107,81,68,50,62,79,98,100,72,40,27,16,17
E02000577,121,116,67,49,60,58,36,28,18,25,27,41,23,27,27,13,12,4
E02000578,126,92,42,39,35,32,29,21,7,10,17,33,20,22,11,7,13,0
E02000579,137,119,65,69,70,68,42,21,28,20,48,63,48,34,24,20,10,3
E02000580,140,133,78,43,59,49,27,16,24,34,42,47,46,46,28,19,9,8
E02000581,109,91,54,50,38,37,24,16,21,15,27,33,32,28,14,10,6,6
E02000582,133,132,61,59,59,58,40,39,28,32,40,50,52,37,23,24,23,12
E02000583,94,86,76,60,61,41,23,33,19,35,46,50,40,24,22,19,10,6
E02000584,91,132,75,93,78,72,44,32,31,37,68,68,70,38,33,12,14,5
E02000585,121,151,85,74,94,51,51,40,28,34,56,75,69,41,23,13,8,6
E02000586,91,130,87,80,79,61,53,27,37,40,70,58,65,41,21,21,22,8
E02000587,114,102,86,84,77,67,45,35,41,33,48,56,62,35,20,23,11,9
E02000588,116,131,85,70,72,68,45,34,27,30,54,49,49,31,8,13,12,6
E02000589,129,158,99,67,63,51,43,47,30,35,60,64,70,57,23,19,13,4
E02000590,92,102,49,38,44,44,34,30,21,25,39,34,44,30,19,10,11,5
E02000591,152,140,55,62,63,69,38,32,38,29,52,60,52,28,27,18,10,9
E02000592,104,133,80,83,68,57,46,39,44,26,47,62,49,41,19,8,15,4
E02000593,110,90,74,62,59,50,49,32,22,34,34,61,39,38,28,15,15,14
E02000594,70,96,59,50,51,46,57,29,29,26,50,38,47,30,20,9,8,4
E02000595,67,72,74,54,66,51,30,29,21,32,37,39,42,34,18,10,10,4
E02000596,119,125,59,71,58,64,30,24,28,30,39,59,53,45,21,22,15,6
E02000597,133,105,59,50,54,42,26,23,14,27,24,41,26,28,14,15,5,6
E02000598,142,101,88,110,115,90,67,30,41,42,66,86,90,29,29,16,5,5
E02000599,138,76,65,70,72,66,39,29,17,30,49,71,74,40,24,13,12,14
E02000600,180,117,106,117,114,107,72,35,35,57,86,74,92,46,26,21,12,16
E02000601,208,207,110,145,147,162,89,64,42,77,132,138,123,83,56,35,19,7
E02000602,171,177,106,129,123,98,81,59,33,54,66,89,75,66,32,14,22,13
E02000603,186,161,94,108,106,100,56,31,27,37,84,96,59,37,36,19,13,9
E02000604,192,152,114,117,137,79,79,61,32,50,97,121,107,79,39,30,26,7
E02000605,178,126,66,127,117,87,49,44,34,46,104,109,98,39,30,19,19,9
E02000606,189,154,93,109,123,110,70,51,41,60,85,114,87,89,36,29,18,12
E02000607,112,110,88,104,105,59,72,55,31,38,46,75,74,34,32,9,11,10
E02000608,117,111,56,64,73,72,47,35,30,43,46,87,66,44,36,11,12,11
E02000609,146,128,70,89,94,66,61,25,33,59,49,61,66,49,27,16,21,5
E02000610,154,103,92,108,89,80,63,36,35,37,83,91,94,63,32,19,16,6
E02000611,133,128,85,107,126,58,49,48,37,40,82,95,66,41,35,27,16,11
E02000612,171,98,59,75,113,77,57,34,31,50,77,90,96,54,39,19,7,20
E02000613,158,111,114,132,129,79,54,46,24,56,83,93,73,48,22,34,15,16
E02000614,231,144,117,153,127,84,55,39,32,47,47,86,76,41,21,24,12,7
E02000615,168,124,74,104,90,67,24,30,23,36,101,68,62,52,28,24,16,13
E02000616,146,94,64,70,75,54,48,30,21,45,63,68,74,41,17,16,14,4
E02000617,225,122,99,90,95,59,47,32,35,68,61,65,88,47,33,27,15,10
E02000619,174,154,94,72,62,54,47,28,24,37,63,59,60,41,32,16,11,10
E02000620,226,166,109,64,84,67,52,51,41,41,67,107,72,48,35,22,14,16
E02000621,281,216,120,94,113,125,65,92,52,49,88,90,141,76,60,36,27,23
E02000622,197,136,76,74,60,65,57,43,23,40,32,60,76,39,33,25,10,10
E02000623,159,136,81,68,47,44,46,35,17,24,41,45,59,28,13,11,15,9
E02000624,189,155,71,61,58,59,52,37,29,44,63,75,80,44,31,12,13,10
E02000625,179,152,78,63,55,53,40,41,28,33,33,61,64,36,19,18,8,11
E02000626,194,144,59,37,42,50,32,27,19,20,27,51,37,27,18,7,4,7
E02000627,208,150,78,78,92,68,46,36,18,49,47,71,70,33,30,20,12,10
E02000628,246,168,74,66,64,64,44,36,24,61,42,72,57,40,31,12,6,9
E02000629,184,139,70,66,66,69,61,46,46,51,60,71,69,56,30,18,12,3
E02000630,115,111,76,55,48,62,42,47,35,49,47,69,56,41,31,24,10,9
E02000631,198,158,77,79,69,84,67,61,30,47,63,92,70,54,25,26,17,9
E02000632,213,163,84,70,67,69,68,57,40,47,78,73,75,45,38,22,11,8
E02000633,165,126,76,47,59,51,53,36,31,22,58,58,44,41,27,6,14,11
E02000634,136,82,59,41,49,47,41,33,26,27,34,42,40,25,15,18,4,5
E02000635,192,158,78,76,70,63,61,55,43,48,60,73,80,43,32,22,10,12
E02000636,124,138,83,58,77,55,55,52,33,55,57,78,59,48,23,8,12,6
E02000637,160,149,68,59,76,62,71,49,39,40,70,87,63,47,29,17,15,19
E02000638,244,184,81,75,71,73,51,37,38,28,57,69,94,53,43,13,22,15
E02000639,205,144,72,58,50,36,39,34,22,33,57,44,37,50,27,13,6,6
E02000640,144,137,86,92,80,94,49,63,40,47,71,100,80,66,25,12,14,11
E02000641,176,149,68,70,62,50,33,28,16,29,35,57,43,54,33,17,9,8
E02000642,170,123,86,122,94,63,54,48,24,64,69,58,73,59,28,18,20,13
E02000643,163,160,78,80,69,82,48,58,38,38,63,71,84,68,30,16,10,9
E02000644,170,130,82,83,73,55,60,40,43,47,55,59,84,42,37,14,11,7
E02000645,197,146,98,89,109,89,62,42,31,57,73,94,91,54,24,17,24,11
E02000646,220,160,81,70,78,62,61,50,46,42,74,56,67,53,32,17,12,9
E02000647,203,135,75,84,65,51,50,37,25,56,55,79,74,52,31,14,24,17
E02000648,201,105,89,79,86,40,28,30,25,26,32,47,66,34,15,5,7,4
E02000649,247,168,90,100,90,76,76,54,40,33,82,78,97,55,44,26,22,14
E02000650,176,137,78,40,67,55,43,36,30,34,46,66,63,42,35,11,12,6
E02000651,222,153,75,73,62,59,49,48,17,20,48,60,73,38,26,21,16,18
E02000652,162,127,76,63,55,25,26,21,15,27,42,36,37,26,22,5,7,4
E02000653,289,218,117,108,80,80,78,68,47,35,59,105,92,53,39,32,23,10
E02000654,212,163,85,64,50,42,44,41,18,19,41,52,55,41,11,12,13,7
E02000655,190,145,56,64,49,47,42,29,34,30,46,56,54,37,23,12,10,15
E02000657,175,141,80,97,68,63,58,46,36,29,55,78,61,52,33,22,10,3
E02000658,153,132,71,65,60,55,62,43,35,32,50,72,63,53,25,23,9,13
E02000659,180,138,63,62,62,59,47,37,25,38,53,89,76,58,25,17,13,13
E02000660,154,118,70,76,74,46,41,53,31,34,73,65,74,47,36,17,20,9
E02000661,115,88,52,67,55,44,40,30,13,28,52,52,61,44,26,14,5,5
E02000662,179,117,63,67,82,58,57,36,25,34,53,73,46,39,13,9,10,11
E02000663,140,127,67,66,42,45,41,29,14,21,51,76,72,44,25,17,15,5
E02000664,301,227,139,99,91,87,67,78,35,45,104,112,94,84,70,43,23,25
E02000665,153,104,78,82,100,54,33,26,17,31,53,58,76,53,31,12,13,6
E02000666,185,134,67,61,66,68,47,37,31,40,61,81,63,38,20,20,12,9
E02000667,145,84,63,45,78,60,45,44,30,40,64,80,61,26,24,16,10,8
E02000668,141,92,77,78,73,65,44,27,24,28,38,60,52,38,28,13,7,9
E02000669,169,84,66,67,61,59,37,31,23,32,49,58,57,46,25,17,14,9
E02000670,122,90,36,47,38,33,13,6,11,25,30,34,38,28,26,18,7,5
E02000671,155,127,81,81,73,74,64,52,45,53,73,68,95,57,32,30,7,6
E02000672,188,150,90,87,66,74,46,42,34,43,53,73,71,33,20,30,14,10
E02000673,179,108,67,100,85,60,54,41,36,39,50,72,75,66,35,25,13,5
E02000674,221,113,79,62,70,60,36,25,16,28,56,78,62,42,23,19,21,8
E02000675,188,116,75,92,79,62,48,28,16,42,77,72,72,49,33,12,8,6
E02000676,155,102,84,120,92,63,42,28,33,29,58,76,60,56,25,18,10,12
E02000677,153,107,58,65,34,40,30,24,17,34,36,56,56,48,25,11,10,13
E02000678,145,79,51,48,52,45,24,14,19,13,21,39,37,26,10,12,4,3
E02000679,176,102,68,74,66,54,39,41,27,31,61,74,59,42,27,21,13,8
E02000680,134,87,66,54,57,50,37,42,31,30,45,43,50,35,18,10,11,9
E02000681,202,110,78,58,58,49,36,25,27,23,27,51,42,32,33,12,10,3
E02000682,195,121,76,85,57,37,28,28,16,22,32,29,51,32,14,7,8,5
E02000683,165,124,63,42,54,43,26,7,10,23,29,31,33,17,20,10,8,4
E02000685,196,103,56,63,57,40,28,45,29,39,69,84,56,49,30,15,9,9
E02000686,172,104,50,66,51,45,33,15,14,13,31,32,40,20,11,11,10,8
E02000687,156,103,58,62,65,65,44,31,35,38,47,68,57,41,27,23,15,5
E02000689,159,135,104,125,112,91,88,69,46,38,80,99,75,68,44,19,17,13
E02000690,75,99,61,55,57,63,31,29,14,16,34,68,70,32,18,14,7,9
E02000691,135,117,72,92,84,62,54,44,42,47,65,75,60,52,25,41,18,20
E02000692,135,105,84,88,88,97,54,56,48,54,74,97,74,65,34,22,21,9
E02000693,190,177,84,120,86,113,66,60,36,49,68,92,102,68,29,19,12,9
E02000694,156,141,132,146,95,68,51,39,29,64,72,107,89,66,45,19,18,12
E02000695,195,152,98,75,71,71,42,24,22,31,49,55,52,52,31,9,9,6
E02000696,201,143,103,90,70,44,39,33,28,27,39,62,77,48,37,12,14,3
E02000697,174,130,73,91,107,87,74,68,47,51,68,93,100,66,39,28,19,9
E02000698,143,126,58,108,99,89,61,56,38,45,83,107,82,51,33,38,13,6
E02000699,156,133,84,87,160,105,62,44,42,62,83,96,84,53,43,14,15,8
E02000700,175,148,97,71,73,68,44,39,28,24,48,60,32,30,22,16,16,11
E02000701,244,161,112,107,81,49,40,19,24,38,51,44,57,46,26,16,13,12
E02000702,188,169,92,89,82,75,58,38,27,29,43,44,56,40,25,17,7,3
E02000703,156,116,83,93,116,85,66,57,22,46,94,93,57,48,29,17,15,15
E02000704,197,124,86,87,98,69,37,47,42,69,68,92,84,73,26,15,16,10
E02000705,182,141,86,109,72,57,47,33,27,33,42,51,46,42,10,9,16,7
E02000706,216,175,95,95,79,44,40,30,26,26,51,56,56,59,26,13,10,5
E02000707,189,135,75,89,63,54,35,20,20,20,28,26,30,27,19,13,9,4
E02000708,155,135,104,136,123,101,53,36,36,57,107,79,81,65,36,27,16,5
E02000709,155,118,82,91,98,94,63,54,30,45,78,79,100,44,32,18,14,12
E02000710,211,146,69,79,69,51,61,36,35,25,43,76,57,43,28,17,12,8
E02000711,212,150,79,107,116,66,42,47,10,31,46,76,77,34,31,16,7,3
E02000712,206,135,95,102,75,78,38,51,15,37,72,74,82,61,30,17,6,4
E02000713,178,124,68,82,90,88,46,31,27,27,64,81,52,40,28,26,15,4
E02000714,164,131,60,65,58,57,33,16,17,19,22,28,50,20,25,9,3,4
E02000715,120,103,45,56,31,20,19,14,10,6,15,27,23,11,4,6,0,4
E02000716,139,119,81,66,55,56,17,14,12,12,18,20,30,23,14,11,4,0
E02000717,176,134,74,48,50,43,25,16,12,13,26,20,26,25,12,3,4,6
E02000718,130,158,61,69,63,36,22,11,12,7,16,22,17,13,11,5,9,9
E02000719,169,119,74,47,46,47,34,40,17,15,30,30,29,22,16,11,8,9
E02000720,165,112,44,49,51,41,21,22,18,15,26,24,35,36,12,7,7,3
E02000721,234,196,92,67,47,43,25,17,11,9,19,29,21,26,11,9,5,0
E02000722,170,140,81,41,50,47,46,19,22,26,35,35,50,34,14,12,10,7
E02000723,205,213,94,95,75,42,34,20,14,12,15,30,21,23,22,7,8,6
E02000724,194,194,95,68,77,54,32,18,12,20,21,9,18,19,10,7,8,13
E02000725,246,158,77,61,53,73,50,37,36,36,52,51,42,39,26,17,8,9
E02000726,570,504,277,198,207,173,129,172,103,132,185,211,223,177,93,62,39,28
E02000727,151,139,71,67,42,44,20,11,11,15,18,25,31,18,4,5,7,7
E02000728,168,166,89,60,47,44,28,15,17,10,13,17,39,30,11,5,12,5
E02000729,141,122,47,48,36,31,29,22,13,22,19,30,23,25,15,7,5,4
E02000730,170,171,77,45,35,38,24,28,14,21,12,23,30,29,13,8,9,5
E02000731,217,179,80,65,76,49,44,16,7,18,13,23,36,22,13,7,0,10
E02000732,171,174,69,54,41,43,17,17,7,18,28,24,37,25,22,7,5,8
E02000733,193,165,94,52,54,67,36,34,25,19,30,45,52,43,16,10,7,5
E02000734,176,124,73,37,56,31,38,26,20,18,23,35,39,27,11,5,8,5
E02000735,176,138,58,59,37,25,35,15,9,16,25,37,25,18,12,7,4,6
E02000736,195,150,83,67,55,57,29,22,11,25,26,21,41,25,23,5,8,6
E02000737,216,161,94,80,66,49,35,21,20,15,25,30,33,34,13,10,5,7
E02000738,195,166,86,58,58,46,33,28,15,10,32,34,48,31,17,10,11,9
E02000739,154,119,63,52,73,39,17,14,9,15,27,21,37,38,9,8,11,3
E02000740,125,140,50,59,53,51,23,14,17,16,23,20,23,29,7,0,5,6
E02000741,161,157,100,65,57,44,31,21,7,22,28,36,23,26,12,4,19,9
E02000742,189,135,84,45,44,42,44,17,12,15,23,30,36,22,24,12,8,10
E02000743,186,176,86,78,78,59,47,31,25,27,36,47,33,38,12,10,12,7
E02000744,195,154,75,60,61,49,37,31,19,31,27,26,34,33,22,15,4,13
E02000745,198,143,64,84,63,36,23,21,21,16,35,27,41,22,18,7,3,15
E02000746,183,171,96,63,73,51,41,34,27,32,32,44,51,35,16,21,10,7
E02000747,291,232,110,94,105,83,60,45,41,29,56,85,78,65,40,18,15,14
E02000748,150,102,48,57,57,37,26,16,21,32,26,25,44,26,19,11,9,7
E02000749,204,162,70,59,49,50,41,27,15,30,38,32,35,47,20,17,14,12
E02000750,378,301,164,133,131,124,90,69,56,58,74,117,136,100,60,56,30,14
E02000751,205,160,89,106,100,76,58,44,40,35,79,88,81,63,37,18,22,18
E02000752,223,183,94,92,79,47,46,32,22,33,33,64,47,42,20,12,8,9
E02000753,166,110,76,65,71,41,37,28,11,11,31,33,22,25,31,13,11,3
E02000754,152,110,47,53,49,29,25,23,20,26,48,47,49,48,24,10,8,4
E02000755,166,103,57,36,42,27,18,24,9,13,31,27,38,25,15,9,4,4
E02000756,324,242,188,182,114,82,58,39,34,27,75,77,78,51,36,19,22,16
E02000757,256,176,138,131,144,72,57,33,29,45,67,91,118,84,52,23,17,7
E02000758,113,129,68,69,60,28,28,22,7,9,21,30,34,33,13,6,9,6
E02000759,291,234,125,123,126,84,53,46,35,57,73,79,68,69,38,23,21,8
E02000760,166,127,81,100,61,29,34,22,14,11,23,53,50,31,11,7,12,6
E02000762,151,100,68,69,48,34,26,20,12,8,25,39,39,33,16,16,18,6
E02000763,130,128,85,88,59,61,31,14,21,19,31,31,27,21,9,8,6,6
E02000764,261,175,125,157,97,95,74,41,35,40,77,121,105,66,43,46,21,13
E02000765,154,136,78,80,97,43,30,18,20,15,21,40,43,33,14,5,11,6
E02000767,177,159,104,100,63,43,16,24,18,23,43,40,46,38,21,15,13,5
E02000768,134,103,59,52,69,49,39,26,11,23,40,46,49,37,19,15,14,8
E02000769,413,339,151,166,129,84,47,37,33,47,57,54,83,56,53,14,17,12
E02000770,182,139,70,77,67,46,35,30,18,24,27,30,41,24,14,9,4,6
E02000772,164,153,93,99,69,45,28,29,14,15,31,30,29,22,31,10,5,0
E02000773,198,180,95,128,95,57,32,21,15,11,30,36,46,35,22,12,6,3
E02000774,143,126,63,72,65,33,22,16,17,18,16,37,33,34,10,3,8,3
E02000776,165,147,66,53,74,43,24,12,9,11,19,24,30,26,18,5,9,6
E02000777,135,94,63,97,54,44,27,23,16,13,32,50,39,37,20,11,17,3
E02000779,206,163,85,72,79,52,40,27,13,16,22,24,36,29,13,6,11,3
E02000780,288,300,179,158,136,123,55,37,24,35,39,44,52,38,23,14,17,15
E02000781,315,252,155,150,138,77,36,35,36,40,41,47,56,41,21,12,10,9
E02000782,233,203,104,120,126,65,48,22,25,30,29,25,40,17,15,6,8,5
E02000783,164,147,83,73,68,34,20,22,13,9,21,15,17,22,5,3,7,6
E02000784,151,118,91,81,110,99,66,51,34,43,66,90,98,78,40,24,17,9
E02000785,154,122,73,98,126,91,87,55,39,53,84,102,103,60,30,25,22,16
E02000786,152,151,110,116,139,106,87,69,52,55,88,111,88,79,41,28,13,9
E02000787,178,150,104,154,137,149,88,75,54,81,78,134,96,83,47,32,27,8
E02000788,133,106,128,175,135,104,74,61,43,51,63,71,72,60,31,25,17,6
E02000789,91,85,54,86,91,65,37,26,30,32,38,54,66,31,24,18,15,5
E02000790,132,90,79,82,97,59,38,49,27,57,71,85,66,35,31,12,5,10
E02000791,95,95,66,82,73,81,60,55,31,37,54,54,53,41,32,11,14,8
E02000792,127,101,72,68,104,68,56,41,30,59,76,81,60,75,28,28,12,6
E02000793,157,138,78,104,92,79,55,35,19,35,61,58,53,49,22,21,5,7
E02000794,105,87,80,103,99,73,55,40,31,44,71,78,57,37,21,18,20,7
E02000795,101,104,95,136,113,85,63,42,34,36,70,60,53,39,38,17,13,12
E02000796,207,211,126,171,146,105,47,29,32,38,52,62,67,47,32,17,18,6
E02000797,149,133,120,157,99,85,60,42,34,54,65,85,81,48,16,20,9,11
E02000798,230,171,116,195,150,166,98,56,40,44,88,100,101,65,49,31,9,13
E02000799,105,88,43,60,73,64,48,32,27,33,44,47,60,29,13,23,7,10
E02000800,130,100,52,52,63,78,34,19,24,43,35,44,39,25,20,8,4,6
E02000801,152,100,63,74,92,78,56,54,32,60,53,75,76,52,24,24,17,10
E02000802,118,82,93,120,82,79,46,44,30,44,59,94,61,47,32,33,19,16
E02000803,160,156,103,123,155,108,62,48,27,40,69,98,83,71,36,29,14,19
E02000804,132,74,67,113,141,127,72,34,39,39,61,65,62,58,30,26,6,8
E02000805,172,151,107,154,175,171,78,65,46,65,88,107,98,88,40,35,14,17
E02000806,175,157,104,137,148,108,67,58,41,63,79,110,88,67,45,34,33,10
E02000807,168,131,82,86,93,65,66,58,44,53,67,84,105,56,43,26,17,9
E02000808,192,199,113,103,107,126,93,68,49,74,74,97,103,79,47,34,21,13
E02000809,239,224,133,102,105,107,104,94,73,84,91,154,152,90,41,24,21,9
E02000810,227,165,103,109,78,88,69,53,40,62,50,83,80,72,32,14,14,11
E02000812,272,187,98,77,89,95,63,52,31,33,48,98,115,71,18,15,14,11
E02000813,217,190,101,102,77,78,60,47,38,47,59,61,81,69,41,18,26,8
E02000814,275,173,98,94,87,75,76,62,37,47,70,118,89,66,42,14,17,13
E02000815,178,122,73,64,58,80,64,38,28,34,53,48,59,49,24,9,12,7
E02000816,166,166,83,71,56,68,67,49,29,36,32,57,55,50,23,16,13,3
E02000817,178,132,52,51,44,30,31,20,16,24,28,33,28,24,24,20,10,8
E02000818,239,165,95,54,72,79,43,59,34,37,59,60,80,54,24,14,12,14
E02000819,166,132,78,45,51,42,31,22,28,34,38,34,39,35,19,4,10,6
E02000820,205,141,108,77,72,67,34,44,33,36,58,76,66,45,31,19,21,7
E02000821,187,131,54,53,28,36,25,23,23,16,24,40,35,35,23,6,6,10
E02000822,163,101,66,36,13,30,25,31,10,15,31,32,35,18,8,12,6,4
E02000823,164,149,66,56,61,51,31,19,26,29,50,58,56,38,15,16,14,11
E02000824,222,131,62,77,45,43,27,45,20,23,23,34,33,32,21,14,8,8
E02000825,246,165,69,57,42,48,30,24,18,13,31,54,44,28,20,16,6,9
E02000826,209,146,75,80,63,47,49,38,28,37,44,62,56,42,22,15,7,6
E02000827,227,166,114,93,62,51,42,33,26,35,55,70,56,41,33,22,13,16
E02000828,188,134,64,52,48,52,31,33,25,40,27,35,36,31,8,17,7,6
E02000829,241,155,88,84,77,62,58,47,40,38,57,62,63,42,34,23,13,8
E02000830,200,140,81,98,87,88,66,43,36,37,78,87,71,52,20,21,12,8
E02000831,193,153,64,80,86,67,51,45,29,39,72,75,90,55,37,23,19,11
E02000832,187,145,61,58,57,61,51,43,26,34,60,56,48,46,22,25,10,6
E02000833,151,114,55,34,59,42,44,34,23,45,41,55,38,35,33,23,13,6
E02000834,177,142,93,91,108,73,66,59,45,54,71,74,78,66,38,37,12,8
E02000835,161,104,55,72,73,47,42,37,27,36,56,61,69,34,24,14,12,4
E02000836,145,109,77,94,82,75,49,46,58,33,59,79,69,52,36,25,8,16
E02000837,138,96,81,141,155,114,60,50,35,70,60,88,84,64,38,25,14,8
E02000838,176,168,113,82,78,92,68,65,38,45,72,78,69,55,34,27,11,8
E02000839,165,123,72,84,97,68,52,35,26,39,75,73,57,41,30,19,12,11
E02000840,192,180,98,88,87,53,60,46,34,36,62,74,67,51,35,7,8,8
E02000841,232,163,115,90,91,69,51,38,31,28,56,81,70,47,30,15,11,10
E02000842,174,147,72,82,84,87,39,43,22,33,62,74,103,70,32,24,14,5
E02000843,260,150,99,84,101,84,49,46,26,40,89,111,78,68,29,15,18,9
E02000844,231,129,83,127,92,67,51,37,26,29,52,68,54,62,34,20,10,13
E02000845,165,117,97,137,147,77,46,49,28,41,61,86,90,66,35,35,22,6
E02000846,187,112,92,61,72,69,40,41,26,37,59,72,50,41,28,12,20,3
E02000847,204,125,82,116,87,56,39,34,33,54,97,74,77,66,28,13,8,9
E02000848,196,156,77,107,79,67,46,40,26,40,63,82,88,49,36,17,6,7
E02000849,188,140,88,98,80,83,68,43,25,46,67,80,75,47,35,21,12,16
E02000850,241,147,95,103,89,72,51,42,32,52,87,94,97,75,31,27,16,16
E02000851,252,176,106,117,96,106,74,48,34,39,79,95,101,82,36,21,14,5
E02000852,171,143,86,109,95,55,46,40,24,46,67,77,71,54,38,26,23,12
E02000853,190,151,76,97,89,77,55,34,30,38,50,78,68,52,35,21,9,9
E02000854,171,99,61,107,98,83,42,40,22,35,74,106,69,56,31,17,12,13
E02000855,189,130,79,80,98,78,46,31,31,51,77,75,65,67,31,20,10,11
E02000856,183,153,123,86,109,72,71,43,33,41,67,111,57,44,38,20,8,9
E02000857,211,126,76,110,107,92,53,48,37,50,58,87,109,50,26,27,13,10
E02000858,219,170,102,102,71,63,39,13,18,40,54,61,44,32,19,12,11,0
E02000859,190,173,84,69,91,101,51,38,24,43,70,72,73,55,32,23,23,14
E02000860,166,119,75,99,75,85,46,38,22,35,62,80,64,76,37,15,9,6
E02000861,129,107,63,91,87,62,37,49,31,50,88,80,83,54,36,21,12,7
E02000863,143,96,44,47,51,49,59,37,23,29,59,64,68,44,29,12,15,6
E02000864,236,204,108,100,95,82,61,59,41,47,61,73,88,55,42,25,10,11
E02000865,146,152,58,55,54,47,40,31,21,34,35,38,40,26,28,13,9,5
E02000866,149,167,103,99,87,76,54,48,53,47,55,76,52,60,30,13,14,4
E02000867,228,240,127,107,88,84,65,60,53,50,81,100,103,66,41,29,24,21
E02000868,167,131,77,53,51,58,40,35,29,33,41,42,43,27,29,12,9,4
E02000869,107,117,42,51,53,37,31,24,21,30,30,34,48,31,22,12,7,6
E02000870,132,139,70,69,35,48,30,27,21,20,27,39,33,36,16,7,8,4
E02000871,208,220,124,89,79,67,46,39,34,37,41,46,63,60,23,11,10,8
E02000872,154,155,69,91,61,57,39,47,31,30,45,56,38,38,18,8,11,6
E02000873,180,196,86,95,69,64,58,43,34,21,53,36,66,37,28,13,9,5
E02000874,148,135,81,63,53,47,48,40,12,23,34,32,31,25,16,14,6,8
E02000875,255,240,129,117,107,87,58,40,35,39,50,75,87,49,30,18,13,11
E02000876,147,120,57,52,61,54,42,23,37,23,46,40,48,33,16,10,6,7
E02000877,256,234,130,120,114,87,71,51,41,32,53,69,84,66,38,19,14,10
E02000878,219,198,112,94,103,101,86,65,42,52,63,84,74,54,27,17,22,7
E02000879,191,168,86,77,78,57,28,29,18,17,53,61,49,29,23,9,7,8
E02000880,120,103,62,42,50,42,24,27,18,15,23,26,29,31,14,10,3,5
E02000881,214,194,126,93,83,83,42,32,20,36,37,44,54,55,23,22,13,8
E02000882,230,167,125,78,79,48,48,29,26,39,48,47,54,37,23,20,16,10
E02000883,175,149,78,74,73,65,39,23,10,18,27,25,34,24,15,11,7,6
E02000884,252,260,122,106,107,114,101,75,58,65,77,111,116,66,32,20,24,20
E02000885,154,161,60,53,40,68,35,30,21,25,30,22,50,22,14,8,6,4
E02000886,192,163,90,71,64,66,58,35,23,34,52,60,58,44,26,13,22,10
E02000887,228,219,120,92,74,73,46,28,28,23,46,68,59,49,28,16,12,11
E02000888,183,142,84,67,42,73,53,38,37,38,44,64,43,44,22,12,17,5
E02000889,164,150,96,78,87,80,54,45,39,41,62,67,83,57,21,19,10,8
E02000890,96,111,51,50,78,51,47,35,27,25,40,68,66,45,22,15,15,4
E02000891,482,385,218,192,170,151,112,94,63,82,116,187,156,158,68,40,30,15
E02000893,176,125,59,90,95,67,37,19,17,16,36,47,45,40,25,9,14,10
E02000894,229,204,110,125,110,95,63,41,27,51,57,70,99,85,39,32,15,13
E02000895,221,133,81,65,58,41,22,31,17,39,43,32,47,46,17,10,5,8
E02000896,218,122,74,72,59,66,42,45,25,35,66,72,75,65,30,13,22,11
E02000897,202,159,84,62,86,45,36,25,26,30,44,61,42,27,14,14,6,8
E02000898,187,116,58,66,75,35,34,26,13,31,46,52,60,37,25,15,12,16
E02000899,185,146,73,73,49,52,37,20,23,21,53,62,67,45,19,10,17,5
E02000900,173,125,73,70,65,51,31,30,30,27,36,48,56,41,28,11,11,4
E02000901,238,178,140,90,87,65,56,46,30,50,58,76,72,49,35,31,21,4
E02000902,190,177,67,122,74,56,43,30,17,31,45,60,61,54,24,14,14,9
E02000903,189,190,117,97,63,64,55,30,20,30,53,70,53,43,17,12,6,8
E02000904,179,153,112,88,73,60,29,45,34,21,47,50,60,50,26,11,11,4
E02000905,180,152,76,101,83,101,78,60,41,46,73,65,78,47,25,12,10,11
E02000906,200,147,70,68,77,66,52,47,34,39,69,60,61,58,25,18,19,17
E02000907,253,146,106,99,78,69,43,32,32,31,67,68,62,47,15,15,12,12
E02000908,271,210,129,134,113,112,74,54,58,54,108,95,103,70,58,27,21,11
E02000909,207,146,99,106,119,72,61,39,24,29,68,70,66,45,36,23,11,4
E02000910,229,157,111,102,100,83,76,30,33,57,57,94,64,55,31,21,21,11
E02000911,265,218,98,99,140,91,63,54,62,50,58,78,90,62,38,30,14,10
E02000912,155,147,86,106,94,84,43,32,20,41,64,56,83,30,13,13,12,5
E02000913,190,132,85,86,75,74,39,32,25,17,42,53,58,43,21,16,9,0
E02000914,314,190,111,96,83,61,39,56,26,22,36,39,83,43,27,12,7,5
E02000915,183,119,78,74,62,60,42,37,26,34,65,52,44,38,31,7,9,6
E02000916,225,151,75,90,81,66,52,31,24,39,40,54,66,44,26,11,15,4
E02000917,214,135,85,82,74,75,54,43,29,45,57,67,55,46,19,12,12,13
E02000918,228,152,84,83,81,63,40,29,32,44,53,59,59,41,38,17,10,9
E02000919,197,146,79,67,82,53,37,35,25,28,45,49,56,38,19,10,8,4
E02000920,234,145,79,65,62,56,46,27,20,37,32,43,66,33,18,15,20,6
E02000921,245,208,96,77,83,64,55,39,21,37,44,60,53,50,15,12,17,7
E02000922,213,175,82,89,81,54,47,34,25,46,72,65,64,40,28,17,14,11
E02000923,163,131,71,60,48,56,37,39,23,37,59,51,56,35,26,15,7,11
E02000924,363,302,164,120,116,116,84,93,53,90,111,131,121,84,49,34,35,16
E02000925,137,129,72,69,78,56,50,28,23,27,43,60,56,36,26,9,8,9
E02000926,232,206,127,92,99,109,79,64,50,70,92,107,105,84,34,27,24,15
E02000927,138,127,62,46,46,51,39,35,38,26,68,49,55,26,18,17,13,4
E02000928,145,116,71,84,110,92,63,50,48,55,74,83,82,64,25,17,12,10
E02000929,186,132,66,44,58,40,45,26,29,35,31,48,36,22,28,10,4,9
E02000930,172,161,106,83,92,76,71,60,53,42,83,81,81,46,40,20,15,13
E02000931,123,147,77,79,110,70,71,56,43,39,84,110,76,47,32,24,17,6
E02000932,235,211,103,110,118,128,93,81,60,72,120,148,158,78,54,38,17,7
E02000933,160,125,91,100,125,85,65,68,23,38,69,88,81,60,24,28,14,8
E02000934,173,173,96,92,77,81,62,46,44,40,64,89,70,63,37,29,17,12
E02000935,105,117,86,93,70,53,50,34,18,23,27,35,42,27,27,8,18,11
E02000936,167,136,80,98,89,68,61,59,42,63,83,92,82,54,36,27,19,12
E02000937,126,113,70,95,131,107,63,56,48,34,64,74,57,50,25,21,13,5
E02000938,206,188,115,122,121,94,58,51,39,35,78,79,86,51,22,14,11,15
E02000939,129,92,64,107,128,100,69,42,28,42,57,68,71,46,24,24,10,5
E02000940,197,163,88,108,72,73,51,50,34,38,58,89,78,47,33,12,12,0
E02000941,186,165,120,105,130,83,52,50,33,42,72,85,87,72,55,16,15,8
E02000942,151,159,81,110,114,113,80,64,49,50,82,97,103,56,30,25,25,12
E02000943,161,129,87,80,114,105,63,63,35,53,78,78,106,46,37,14,10,7
E02000944,161,130,90,89,75,47,39,43,32,39,53,54,47,40,43,15,10,9
E02000945,164,160,80,81,55,42,53,33,32,30,34,34,37,38,12,12,10,9
E02000946,163,128,75,67,91,69,67,41,39,44,70,64,70,60,25,15,9,0
E02000947,162,132,127,91,93,88,66,48,52,85,71,101,94,62,37,36,22,11
E02000948,176,179,84,83,130,89,83,76,53,48,94,110,107,55,38,29,9,14
E02000949,189,157,109,144,138,101,91,78,47,50,71,100,103,62,43,25,18,6
E02000950,122,130,72,74,71,70,47,37,31,50,53,53,57,37,37,14,11,3
E02000951,125,91,72,72,57,65,48,25,35,43,33,62,64,39,26,22,6,7
E02000952,106,81,52,67,75,59,52,40,20,34,49,48,54,30,34,7,5,0
E02000953,169,149,74,78,74,60,54,62,40,47,70,73,104,41,24,17,10,10
E02000954,108,115,54,52,48,41,45,39,26,34,40,44,51,35,24,15,13,0
E02000955,132,94,85,71,61,42,47,43,26,19,38,55,50,32,12,12,5,5
E02000956,169,126,72,58,47,63,41,29,32,37,60,51,62,52,30,15,9,4
E02000957,227,172,117,94,93,116,73,78,49,49,68,93,77,46,21,21,15,9
E02000958,158,124,69,97,146,97,48,39,26,45,84,65,70,60,38,14,20,11
E02000959,141,112,85,47,59,41,43,39,26,27,55,57,56,33,35,26,15,7
E02000960,92,112,77,64,64,37,39,35,32,29,48,48,60,48,31,11,12,6
E02000961,162,134,91,90,89,62,55,46,32,47,62,65,72,43,17,19,11,16
E02000962,114,126,99,76,80,47,58,45,28,25,58,74,81,48,33,14,18,10
E02000963,210,151,91,83,75,58,41,36,21,28,29,44,48,37,26,14,8,9
E02000964,273,218,108,75,96,83,58,41,33,51,71,57,65,43,32,13,20,7
E02000965,137,128,99,107,73,48,34,38,30,38,57,72,91,62,26,8,13,5
E02000966,140,155,101,87,74,70,58,43,32,49,61,85,57,51,35,17,13,6
E02000967,122,126,73,79,75,61,50,33,37,29,52,59,54,37,23,13,9,5
E02000968,247,242,166,130,118,80,69,50,29,38,51,59,69,39,25,13,15,12
E02000969,215,169,82,67,65,49,39,34,31,26,41,53,38,35,15,20,12,7
E02000970,134,152,82,90,63,70,66,40,42,43,57,72,69,48,37,29,15,8
E02000971,181,150,110,78,85,72,58,41,40,43,78,65,62,51,35,12,7,16
E02000972,162,154,85,107,82,83,73,79,50,55,88,78,78,76,52,29,22,19
E02000973,127,137,99,74,79,73,52,45,53,41,57,86,59,54,29,18,15,7
E02000974,233,198,122,95,85,86,53,49,38,39,51,76,78,67,48,23,16,17
E02000975,183,167,121,103,65,69,71,50,43,36,59,76,71,61,22,29,13,7
E02000976,196,155,120,106,95,65,81,55,48,50,66,79,60,48,37,19,29,11
E02000977,179,170,96,97,86,63,67,61,52,51,59,87,86,64,27,23,10,10
E02000978,126,120,73,81,84,76,44,25,26,30,40,47,40,37,21,14,9,9
E02000979,145,129,85,77,93,80,55,66,35,35,44,71,91,57,45,24,18,13
E02000980,167,148,75,53,65,59,68,30,26,45,47,57,75,49,35,33,14,8
E02000981,118,117,65,68,77,76,47,43,21,47,56,68,65,46,25,13,10,13
E02000982,126,113,67,57,68,58,44,26,18,32,27,51,50,35,28,16,12,5
E02000983,156,107,79,72,96,50,38,37,20,23,41,64,58,61,23,15,9,8
E02006782,211,115,62,93,80,49,31,29,13,38,44,62,64,31,31,8,14,5
E02006783,186,128,68,65,65,42,29,31,7,18,37,41,39,35,18,11,10,6
E02006784,192,113,71,70,41,28,24,22,9,17,27,45,40,34,18,19,6,4
E02006785,167,114,55,55,39,33,32,28,18,28,39,44,47,38,14,10,9,7
E02006786,162,128,51,50,70,45,32,27,16,16,35,47,37,38,21,14,9,5
E02006787,194,103,48,70,99,97,60,32,33,52,67,54,82,49,25,30,20,8
E02006788,167,131,56,57,52,56,36,22,30,18,39,50,33,27,17,16,17,5
E02006789,137,105,50,78,36,27,21,26,29,31,38,58,48,30,24,12,16,4
E02006791,128,130,60,85,106,79,53,42,25,40,44,53,69,54,27,25,15,4
E02006792,133,160,97,90,89,90,67,36,49,50,64,65,91,69,28,18,21,7
E02006793,207,155,68,54,42,34,36,26,14,8,20,18,23,22,12,7,9,0
E02006794,141,132,90,57,31,27,24,18,15,16,13,22,27,11,11,3,5,7
E02006795,160,152,85,103,98,72,45,24,13,26,50,60,50,38,16,11,16,5
E02006796,197,147,103,92,125,69,61,45,33,35,55,76,46,48,28,17,16,7
E02006798,205,163,74,64,63,42,40,38,25,31,48,46,59,52,23,17,15,9
E02006799,268,204,103,111,105,63,37,35,30,23,46,48,41,37,22,11,8,10
E02006800,300,249,132,135,128,93,56,19,24,30,45,57,68,51,21,14,12,7
E02006801,201,177,85,94,84,83,92,71,39,56,72,76,93,81,28,26,9,20
E02006802,185,161,88,71,85,80,70,49,39,41,56,78,94,72,27,34,21,12
E02006836,164,128,93,124,100,106,52,42,26,40,53,88,71,56,41,19,16,12
E02006853,219,204,117,119,103,88,56,62,38,43,62,68,87,94,52,24,18,7
E02006854,156,149,88,58,72,74,50,52,21,44,59,76,85,50,45,16,14,23
E02006882,313,296,167,156,121,132,90,59,38,33,69,111,104,65,30,13,21,18
E02006918,144,133,75,56,50,51,29,49,27,31,31,44,40,32,17,6,6,10
E02006921,118,114,90,51,44,31,27,26,8,13,28,23,22,24,9,8,5,4
E02006924,341,265,138,117,94,107,51,40,27,20,45,46,69,50,30,18,15,0
E02006925,353,240,151,118,114,78,56,36,34,35,48,75,71,54,31,18,13,9
E02006927,233,166,114,99,100,72,53,34,41,52,88,96,84,70,63,29,14,8
E02006928,220,191,89,99,107,76,55,60,44,60,96,117,109,83,57,25,27,20
E02006929,351,260,141,129,136,117,97,100,60,72,123,153,150,130,55,28,37,13
E02006930,207,163,94,96,104,100,72,56,49,69,72,121,102,68,34,22,13,10
E02006931,180,153,95,58,77,61,50,32,32,46,64,106,97,54,23,26,28,12
